Band_8;Band_9;Band_3;Band_10;Band_11;Band_4;Band_12;Band_1;Band_13;Band_14;Band_15;Band_2;Band_16;Band_17;Band_18;Band_19;Band_5;Band_6;Band_7
0.000261041;0.000297943;0.000318725;0.000404561;0;0;0;0.000133695;0.000132201;5.73E-05;2.76E-05;4.44E-05;6.12E-05;7.11E-05;3.61E-05;6.05E-05;0.000536466;0.000144105;0.000551191
0;0;0;0;0;0;0;0;0;0;0;0;0;0;0;0;0;0;0
0;0;0;0;0;0;0;0;0;0;0;0;0;0;0;0;0;0;0
0.000221131;0.000283684;0.000164353;0.000243581;0;0;0;6.52E-05;5.47E-05;2.20E-05;2.13E-05;1.85E-05;8.01E-05;5.47E-05;3.24E-05;4.00E-05;0.00025808;0.000156169;0.000433501
0;0;0;0;0;0;0;0;0;0;0;0;0;0;0;0;0;0;0
0;0;0;0;0;0;0;0;0;0;0;0;0;0;0;0;0;0;0
0;0;0;0;0;0;0;0;0;0;0;0;0;0;0;0;0;0;0
0.000150339;0.000304559;0.000175597;0.000123366;0;0;0;3.30E-05;2.66E-05;1.97E-05;2.29E-05;1.24E-05;3.47E-05;1.63E-05;1.08E-05;2.28E-05;0.000187908;7.03E-05;0.000297311
0;0;0;0;0;0;0;0;0;0;0;0;0;0;0;0;0;0;0
9.23E-05;0.000183719;0.000119499;0.000124056;0;0;0;4.65E-05;4.11E-05;1.98E-05;1.82E-05;1.09E-05;4.51E-05;2.37E-05;8.40E-06;3.66E-05;0.000147776;0.000135192;0.000205335
0;0;0;0;0;0;0;0;0;0;0;0;0;0;0;0;0;0;0
0;0;0;0;0;0;0;0;0;0;0;0;0;0;0;0;0;0;0
0;0;0;0;0;0;0;0;0;0;0;0;0;0;0;0;0;0;0
6.94E-05;0.00013888;0.00018155;0.000103609;0;0;0;0.000473154;2.97E-05;1.24E-05;1.19E-05;1.95E-05;7.66E-06;2.02E-05;1.02E-05;1.17E-05;8.91E-05;7.61E-05;0.000100111
0;0;0;0;0;0;0;0.000421982;0;0;0;0;0;0;0;0;0;0;0
0;0;0;0;0;0;0;0.000328861;0;0;0;0;0;0;0;0;0;0;0
0;0;0;0;0;0;0;0.0004742;0;0;0;0;0;0;0;0;0;0;0
0;0;0;0;0;0;0;0.000587672;0;0;0;0;0;0;0;0;0;0;0
0;0;0;0;0;0;0;0;0;0;0;0;0;0;0;0;0;0;0
0;0;0;0;0;0;0;0.000861257;0;0;0;0;0;0;0;0;0;0;0
0;0;0;0;0;0;0;0.00181258;0;0;0;0;0;0;0;0;0;0;0
0;0;0;0;0;0;0;0.00337911;0;0;0;0;0;0;0;0;0;0;0
0;0;0;0;0;0;0;0.00725756;0;0;0;0;0;0;0;0;0;0;0
0.000103704;0.000165196;0.0013973;9.96E-05;0;0;0;0;6.59E-05;0.000144142;1.16E-05;0.000127405;1.50E-05;1.56E-05;7.18E-06;1.77E-05;0.000144975;5.49E-05;0.000139751
0;0;0;0;0;0;0;0.0161996;0;0;0;0;0;0;0;0;0;0;0
0;0;0;0;0;0;0;0.0731352;0;0;0;0;0;0;0;0;0;0;0
0;0;0;0;0;0;0;0.243525;0;0;0;0;0;0;0;0;0;0;0
0;0;0;0;0;0;0;0.495634;0;0;0;0;0;0;0;0;0;0;0
0;0;0;0;0;0;0;0.726977;0;0;0;0;0;0;0;0;0;0;0
0;0;0;0;0;0;0;0.679636;0;0;0;0;0;0;0;0;0;0;0
0;0;0;0;0;0;0;0;0;0;0;0;0;0;0;0;0;0;0
0;0;0;0;0;0;0;0.68286;0;0;0;0;0;0;0;0;0;0;0
0;0;0;0;0;0;0;0;0;0;0;0;0;0;0;0;0;0;0
8.54E-05;9.25E-05;0.000122377;7.76E-05;0;0;0;0;0.000169955;0.00153631;8.36E-06;4.94E-05;1.15E-05;1.25E-05;6.24E-06;2.52E-05;7.99E-05;7.52E-05;0.000139881
0;0;0;0;0;0;0;0.805588;0;0;0;0;0;0;0;0;0;0;0
0;0;0;0;0;0;0;0.746249;0;0;0;0;0;0;0;0;0;0;0
0;0;0;0;0;0;0;0.531392;0;0;0;0;0;0;0;0;0;0;0
0;0;0;0;0;0;0;0.441311;0;0;0;0;0;0;0;0;0;0;0
0;0;0;0;0;0;0;0.932612;0;0;0;0;0;0;0;0;0;0;0
0;0;0;0;0;0;0;1;0;0;0;0;0;0;0;0;0;0;0
0;0;0;0;0;0;0;0;0;0;0;0;0;0;0;0;0;0;0
0;0;0;0;0;0;0;0.905185;0;0;0;0;0;0;0;0;0;0;0
0;0;0;0;0;0;0;0.439771;0;0;0;0;0;0;0;0;0;0;0
3.78E-05;7.11E-05;0.00042239;6.57E-05;0;0;0;0;0.000616739;0.00375005;1.30E-05;7.18E-05;1.26E-05;1.37E-05;4.60E-06;1.62E-05;0.000103472;4.40E-05;0.000128225
0;0;0;0;0;0;0;0.210328;0;0;0;0;0;0;0;0;0;0;0
0;0;0;0;0;0;0;0.0856633;0;0;0;0;0;0;0;0;0;0;0
0;0;0;0;0;0;0;0.0107264;0;0;0;0;0;0;0;0;0;0;0
0;0;0;0;0;0;0;0.00479769;0;0;0;0;0;0;0;0;0;0;0
0;0;0;0;0;0;0;0.00235889;0;0;0;0;0;0;0;0;0;0;0
0;0;0;0;0;0;0;0.00103616;0;0;0;0;0;0;0;0;0;0;0
0;0;0;0;0;0;0;0;0;0;0;0;0;0;0;0;0;0;0
0;0;0;0;0;0;0;0;0;0;0;0;0;0;0;0;0;0;0
0;0;0;0;0;0;0;0;0.000315933;0;0;0;0;0;0;0;0;0;0
0;0;0;0;0;0;0;0.000229683;0;0;0;0;0;0;0;0;0;0;0
0;0;0;0;0;0;0;0.000225379;0.000452368;0;0;0;0;0;0;0;0;0;0
3.02E-05;9.72E-05;0.000799102;0.00010804;0;0;0;0;0;0.00109174;6.56E-06;8.35E-05;1.13E-05;8.29E-06;3.17E-06;6.69E-06;7.35E-05;3.86E-05;0.00011747
0;0;0;0;0;0;0;0.000100319;0.000744534;0;0;0;0;0;0;0;0;0;0
0;0;0;0;0;0;0;0;0;0;0;0;0;0;0;0;0;0;0
0;0;0;0;0;0;0;0;0.00135374;0;0;0;0;0;0;0;0;0;0
0;0;0;0;0;0;0;0.000110245;0.00351132;0;0;0;0;0;0;0;0;0;0
0;0;0;0;0;0;0;0;0.0134802;0;0;0;0;0;0;0;0;0;0
0;0;0;0;0;0;0;0.000104285;0;0;0;0;0;0;0;0;0;0;0
0;0;0;0;0;0;0;0;0.0481175;0;0;0;0;0;0;0;0;0;0
0;0;0;0;0;0;0;0;0.136758;0;0;0;0;0;0;0;0;0;0
0;0;0;0;0;0;0;0;0.293207;0;0;0;0;0;0;0;0;0;0
0;0;0;0;0;0;0;8.83E-05;0;0;0;0;0;0;0;0;0;0;0
0;0;0;0;0;0;0;0;0.482024;0;0;0;0;0;0;0;0;0;0
0;0;0;0;0;0;0;0;0.628519;0;0;0;0;0;0;0;0;0;0
0;0;0;0;0;0;0;0;0.810956;0;0;0;0;0;0;0;0;0;0
0;0;0.000288076;0;0;0;0;0;0;0;0;0;0;0;0;0;0;0;0
3.04E-05;8.18E-05;0;6.03E-05;0;0;0;0.000136903;0;0.000671996;4.78E-05;4.00E-05;1.07E-05;1.17E-05;2.59E-06;7.07E-06;3.59E-05;4.78E-05;7.68E-05
0;0;0;0;0;0;0;0;0.963823;0;0;0;0;0;0;0;0;0;0
0;0;0.00022991;0;0;0;0;0;0;0;0;0;0;0;0;0;0;0;0
0;0;0;0;0;0;0;0;1;0;0;0;0;0;0;0;0;0;0
0;0;0.000294636;0;0;0;0;0;0;0;0;0;0;0;0;0;0;0;0
0;0;0;0;0;0;0;0;0;0;0;0;0;0;0;0;0;0;0
0;0;0;0;0;0;0;0;0.997915;0;0;0;0;0;0;0;0;0;0
0;0;0.000318929;0;0;0;0;0;0;0;0;0;0;0;0;0;0;0;0
0;0;0;0;0;0;0;0;0.993775;0;0;0;0;0;0;0;0;0;0
0;0;0.000381074;0;0;0;0;0;0;0;0;0;0;0;0;0;0;0;0
0;0;0;0;0;0;0;0;0.974399;0;0;0;0;0;0;0;0;0;0
0;0;0.000495929;0;0;0;0;0;0;0;0;0;0;0;0;0;0;0;0
0;0;0;0;0;0;0;0;0.900225;0;0;0;0;0;0;0;0;0;0
0;0;0.000537689;0;0;0;0;0;0;0;0;0;0;0;0;0;0;0;0
0;0;0;0;0;0;0;0;0.719177;0;0;0;0;0;0;0;0;0;0
0;0;0.000953406;0;0;0;0;0;0;0;0;0;0;0;0;0;0;0;0
0;0;0;0;0;0;0;0;0.455352;0;0;0;0;0;0;0;0;0;0
0;0;0.00135005;0;0;0;0;0;0;0;0;0;0;0;0;0;0;0;0
0;0;0;0;0;0;0;0;0.206819;0;0;0;0;0;0;0;0;0;0
0;0;0.00182792;0;0;0;0;0;0;0;0;0;0;0;0;0;0;0;0
0;0;0;0;0;0;0;0;0.0825571;0;0;0;0;0;0;0;0;0;0
0;0;0.00264805;0;0;0;0;0;0;0;0;0;0;0;0;0;0;0;0
0;0;0;0;0;0;0;0;0;0;0;0;0;0;0;0;0;0;0
3.12E-05;6.59E-05;0;3.75E-05;0;0;0;4.45E-05;0;0.000979379;8.78E-05;2.97E-05;6.73E-06;6.52E-06;5.44E-06;6.09E-06;5.45E-05;3.42E-05;8.12E-05
0;0;0;0;0;0;0;0;0.0318704;0;0;0;0;0;0;0;0;0;0
0;0;0.00450824;0;0;0;0;0;0;0;0;0;0;0;0;0;0;0;0
0;0;0;0;0;0;0;0;0.00867226;0;0;0;0;0;0;0;0;0;0
0;0;0.0086487;0;0;0;0;0;0;0;0;0;0;0;0;0;0;0;0
0;0;0;0;0;0;0;0;0.00189406;0;0;0;0;0;0;0;0;0;0
0;0;0.0178435;0;0;0;0;0;0;0;0;0;0;0;0;0;0;0;0
0;0;0;0;0;0;0;0;0.000560686;0;0;0;0;0;0;0;0;0;0
0;0;0.0404898;0;0;0;0;0;0;0;0;0;0;0;0;0;0;0;0
0;0;0;0;0;0;0;0;0.000183055;0;0;0;0;0;0;0;0;0;0
0;0;0.101683;0;0;0;0;0;0;0;0;0;0;0;0;0;0;0;0
0;0;0;0;0;0;0;0;8.03E-05;0;0;0;0;0;0;0;0;0;0
0;0;0.239842;0;0;0;0;0;0;0;0;0;0;0;0;0;0;0;0
0;0;0.449592;0;0;0;0;0;0;0;0;0;0;0;0;0;0;0;0
0;0;0;0;0;0;0;0;6.77E-05;0;0;0;0;0;0;0;0;0;0
0;0;0.691881;0;0;0;0;0;0;0;0;0;0;0;0;0;0;0;0
0;0;0.87658;0;0;0;0;0;0;0;0;0;0;0;0;0;0;0;0
0;0;0.975988;0;0;0;0;0;0;0;0;0;0;0;0;0;0;0;0
4.16E-05;5.22E-05;0;0.000113562;0;0;0;0.00015214;8.20E-05;0.0015824;0.000141136;6.57E-05;7.39E-06;9.41E-06;4.47E-06;5.72E-06;9.15E-05;3.52E-05;6.40E-05
0;0;1;0;0;0;0;0;0;0;0;0;0;0;0;0;0;0;0
0;0;0.969344;0;0;0;0;0;0;0;0;0;0;0;0;0;0;0;0
0;0;0.901278;0;0;0;0;0;0;0;0;0;0;0;0;0;0;0;0
0;0;0.845132;0;0;0;0;0;0;0;0;0;0;0;0;0;0;0;0
0;0;0.837311;0;0;0;0;0;0;0;0;0;0;0;0;0;0;0;0
0;0;0.843284;0;0;0;0;0;0;0;0;0;0;0;0;0;0;0;0
0;0;0.846415;0;0;0;0;0;0;0;0;0;0;0;0;0;0;0;0
0;0;0.860784;0;0;0;0;0;0;0;0;0;0;0;0;0;0;0;0
0;0;0.884946;0;0;0;0;0;0;0;0;0;0;0;0;0;0;0;0
0;0;0.911153;0;0;0;0;0;0;0;0;0;0;0;0;0;0;0;0
2.79E-05;4.45E-05;0;0.00196864;0;0;0;0.000241266;2.88E-05;0.00290369;0.000203361;0.000214465;8.93E-06;5.35E-06;3.72E-06;7.89E-06;3.69E-05;3.32E-05;6.33E-05
0;0;0.92919;0;0;0;0;0;0;0;0;0;0;0;0;0;0;0;0
0;0;0.917578;0;0;0;0;0;0;0;0;0;0;0;0;0;0;0;0
0;0;0.870342;0;0;0;0;0;0;0;0;0;0;0;0;0;0;0;0
0;0;0;0;0;0;0;0;0;0.0021421;0;0;0;0;0;0;0;0;0
0;0;0.787985;0;0;0;0;0;0;0;0;0;0;0;0;0;0;0;0
0;0;0;0;0;0;0;0;0;0.00237502;0;0;0;0;0;0;0;0;0
0;0;0;0;0;0;0;0;0;0.00237502;0;0;0;0;0;0;0;0;0
0;0;0.665293;0;0;0;0;0;0;0;0;0;0;0;0;0;0;0;0
0;0;0;0;0;0;0;0;0;0.00285216;0;0;0;0;0;0;0;0;0
0;0;0;0;0;0;0;0;0;0.00285216;0;0;0;0;0;0;0;0;0
0;0;0.502695;0;0;0;0;0;0;0;0;0;0;0;0;0;0;0;0
0;0;0;0;0;0;0;0;0;0.00410756;0;0;0;0;0;0;0;0;0
0;0;0.321345;0;0;0;0;0;0;0;0;0;0;0;0;0;0;0;0
0;0;0;0;0;0;0;0;0;0;0;0;0;0;0;0;0;0;0
0;0;0;0;0;0;0;0;0;0.00885956;0;0;0;0;0;0;0;0;0
0;0;0;0;0;0;0;0;0;0.00885956;0;0;0;0;0;0;0;0;0
0;0;0.171332;0;0;0;0;0;0;0;0;0;0;0;0;0;0;0;0
0;0;0;0;0;0;0;0;0;0;0;0;0;0;0;0;0;0;0
0;0;0;0;0;0;0;0;0;0.0271083;0;0;0;0;0;0;0;0;0
0;0;0;0;0;0;0;0;0;0.0271083;0;0;0;0;0;0;0;0;0
0;0;0.0784788;0;0;0;0;0;0;0;0;0;0;0;0;0;0;0;0
0;0;0;0;0;0;0;0;0;0.0791932;0;0;0;0;0;0;0;0;0
0;0;0.0331535;0;0;0;0;0;0;0;0;0;0;0;0;0;0;0;0
2.88E-05;4.77E-05;0;0.00123476;0;0;0;0.000447549;5.94E-05;0;0.000364824;0.000165336;5.01E-06;2.89E-06;2.65E-06;3.30E-06;4.44E-05;3.44E-05;4.25E-05
0;0;0;0;0;0;0;0;0;0.183004;0;0;0;0;0;0;0;0;0
0;0;0;0;0;0;0;0;0;0.183004;0;0;0;0;0;0;0;0;0
0;0;0.0144349;0;0;0;0;0;0;0;0;0;0;0;0;0;0;0;0
0;0;0;0;0;0;0;0;0;0.356889;0;0;0;0;0;0;0;0;0
0;0;0;0;0;0;0;0;0;0.356889;0;0;0;0;0;0;0;0;0
0;0;0.00670438;0;0;0;0;0;0;0;0;0;0;0;0;0;0;0;0
0;0;0;0;0;0;0;0;0;0.596681;0;0;0;0;0;0;0;0;0
0;0;0.0034712;0;0;0;0;0;0;0;0;0;0;0;0;0;0;0;0
0;0;0;0;0;0;0;0;0;0.806388;0;0;0;0;0;0;0;0;0
0;0;0;0;0;0;0;0;0;0.806388;0;0;0;0;0;0;0;0;0
0;0;0.00188232;0;0;0;0;0;0;0;0;0;0;0;0;0;0;0;0
0;0;0;0;0;0;0;0;0;0.911347;0;0;0;0;0;0;0;0;0
0;0;0;0;0;0;0;0;0;0.911347;0;0;0;0;0;0;0;0;0
0;0;0.00116973;0;0;0;0;0;0;0;0;0;0;0;0;0;0;0;0
0;0;0;0;0;0;0;0;0;0.950045;0;0;0;0;0;0;0;0;0
0;0;0.000685301;0;0;0;0;0;0;0;0;0;0;0;0;0;0;0;0
0;0;0;0;0;0;0;0;0;0.974604;0;0;0;0;0;0;0;0;0
0;0;0;0;0;0;0;0;0;0.974604;0;0;0;0;0;0;0;0;0
0;0;0.000345787;0;0;0;0;0;0;0;0;0;0;0;0;0;0;0;0
0;0;0;0;0;0;0;0;0;0.990802;0;0;0;0;0;0;0;0;0
0;0;0;0;0;0;0;0;0;0.990802;0;0;0;0;0;0;0;0;0
0;0;0.000228931;0;0;0;0;0;0;0;0;0;0;0;0;0;0;0;0
0;0;0;0;0;0;0;0;0;1;0;0;0;0;0;0;0;0;0
0;0;0.000177352;0;0;0;0;0;0;0;0;0;0;0;0;0;0;0;0
0;0;0;0;0;0;0;0;0;0.995117;0;0;0;0;0;0;0;0;0
0;0;0;0;0;0;0;0;0;0.995117;0;0;0;0;0;0;0;0;0
0;0;0.000126173;0;0;0;0;0;0;0;0;0;0;0;0;0;0;0;0
2.79E-05;3.65E-05;0;0.00244732;0;0;0;0.00111244;0.000120323;0;0.000485954;0.00029838;6.49E-06;4.78E-06;2.38E-06;5.26E-06;4.26E-05;2.07E-05;6.14E-05
0;0;0;0;0;0;0;0;0;0.938498;0;0;0;0;0;0;0;0;0
0;0;0;0;0;0;0;0;0;0.938498;0;0;0;0;0;0;0;0;0
0;0;0.000133828;0;0;0;0;0;0;0;0;0;0;0;0;0;0;0;0
0;0;0;0;0;0;0;0;0;0.802791;0;0;0;0;0;0;0;0;0
0;0;0.000126662;0;0;0;0;0;0;0;0;0;0;0;0;0;0;0;0
0;0;0;0;0;0;0;0;0;0.569115;0;0;0;0;0;0;0;0;0
0;0;0;0;0;0;0;0;0;0.569115;0;0;0;0;0;0;0;0;0
0;0;0.000125987;0;0;0;0;0;0;0;0;0;0;0;0;0;0;0;0
0;0;0;0;0;0;0;0;0;0.276504;0;0;0;0;0;0;0;0;0
0;0;0;0;0;0;0;0;0;0.276504;0;0;0;0;0;0;0;0;0
0;0;0.000116314;0;0;0;0;0;0;0;0;0;0;0;0;0;0;0;0
0;0;0;0;0;0;0;0;0;0.0748605;0;0;0;0;0;0;0;0;0
0;0;0;0;0;0;0;0;0;0.0144916;0;0;0;0;0;0;0;0;0
0;0;0;0;0;0;0;0;0;0.0144916;0;0;0;0;0;0;0;0;0
0;0;0.000166573;0;0;0;0;0;0;0;0;0;0;0;0;0;0;0;0
0;0;0;0;0;0;0;0;0;0;0;0;0;0;0;0;0;0;0
0;0;0;0;0;0;0;0;0;0.00327816;0;0;0;0;0;0;0;0;0
0;0;0;0;0;0;0;0;0;0.00327816;0;0;0;0;0;0;0;0;0
0;0;0.000183067;0;0;0;0;0;0;0;0;0;0;0;0;0;0;0;0
0;0;0;0;0;0;0;0;0;0.000955106;0;0;0;0;0;0;0;0;0
0;0;0.000164856;0;0;0;0;0;0;0;0;0;0;0;0;0;0;0;0
0;0;0;0;0;0;0;0;0;0.000273069;0;0;0;0;0;0;0;0;0
0;0;0;0;0;0;0;0;0;0.000273069;0;0;0;0;0;0;0;0;0
0;0;0.000144955;0;0;0;0;0;0;0;0;0;0;0;0;0;0;0;0
0;0;0;0;0;0;0;0;0;0.000171243;0;0;0;0;0;0;0;0;0
0;0;0;0;0;0;0;0;0;0.000171243;0;0;0;0;0;0;0;0;0
0;0;0.000166567;0;0;0;0;0;0;0;0;0;0;0;0;0;0;0;0
2.14E-05;4.02E-05;0.000258259;0.000315458;0;0;0;0.00260528;0.000148845;0;0.000682194;0.000400835;1.11E-05;6.82E-06;1.95E-06;5.88E-06;3.99E-05;1.47E-05;3.01E-05
0;0;0;0;0;0;0;0;0;7.39E-05;0;0;0;0;0;0;0;0;0
0;0;0;0;0;0;0;0;0;8.34E-05;0;0;0;0;0;0;0;0;0
0;0;0;0;0;0;0;0;0;6.41E-05;0;0;0;0;0;0;0;0;0
0;0;0;0;0;0;0;0;0;6.41E-05;0;0;0;0;0;0;0;0;0
0;0;0;0;0;0;0;0;0;7.50E-05;0;0;0;0;0;0;0;0;0
1.18E-05;4.48E-05;0.00033333;0.00048059;0;0;0;0.004129;0.00022173;0.000140615;0.00120268;0.000597802;3.65E-06;6.87E-06;3.11E-06;5.26E-06;4.38E-05;2.16E-05;5.00E-05
0;0;0;0;0;0;0;0;0;0;0.000268341;0;0;0;0;0;0;0;0
0;0;0;0;0;0;0;0;0;0;0.000804332;0;0;0;0;0;0;0;0
0;0;0;0;0;0;0;0;0;0;0.000804332;0;0;0;0;0;0;0;0
0;0;0;0;0;0;0;0;0;0;0;0;0;0;0;0;0;0;0
0;0;0;0;0;0;0;0;0;0;0.00195755;0;0;0;0;0;0;0;0
0;0;0;0;0;0;0;0;0;0;0.00195755;0;0;0;0;0;0;0;0
0;0;0;0;0;0;0;0;0;0;0.0056237;0;0;0;0;0;0;0;0
1.75E-05;3.14E-05;0.000385951;0.000708095;0;0;0;0.00186628;0.000448907;0.00012274;0;0.000884103;6.40E-06;4.07E-06;1.67E-06;3.78E-06;2.43E-05;3.25E-05;3.07E-05
0;0;0;0;0;0;0;0;0;0;0.0199953;0;0;0;0;0;0;0;0
0;0;0;0;0;0;0;0;0;0;0.0199953;0;0;0;0;0;0;0;0
0;0;0;0;0;0;0;0;0;0;0.0710626;0;0;0;0;0;0;0;0
0;0;0;0;0;0;0;0;0;0;0.0710626;0;0;0;0;0;0;0;0
0;0;0;0;0;0;0;0;0;0;0.183156;0;0;0;0;0;0;0;0
0;0;0;0;0;0;0;0;0;0;0.361062;0;0;0;0;0;0;0;0
0;0;0;0;0;0;0;0;0;0;0.361062;0;0;0;0;0;0;0;0
0;0;0;0;0;0;0;0;0;0;0.582582;0;0;0;0;0;0;0;0
0;0;0;0;0;0;0;0;0;0;0.582582;0;0;0;0;0;0;0;0
0;0;0;0.000165368;0;0;0;0;0;0;0.797048;0;0;0;0;0;0;0;0
0;0;0;0;0;0;0;0;0;0;0.94981;0;0;0;0;0;0;0;0
0;0;0;0;0;0;0;0;0;0;0.94981;0;0;0;0;0;0;0;0
0;0;0;0.000157495;0;0;0;0;0;0;0;0;0;0;0;0;0;0;0
0;0;0;0;0;0;0;0;0;0;0.981414;0;0;0;0;0;0;0;0
0;0;0;0;0;0;0;0;0;0;0.981414;0;0;0;0;0;0;0;0
0;0;0;0.000211702;0;0;0;0;0;0;0;0;0;0;0;0;0;0;0
0;0;0;0;0;0;0;0;0;0;0.97637;0;0;0;0;0;0;0;0
0;0;0;0.000230279;0;0;0;0;0;0;0;0;0;0;0;0;0;0;0
0;0;0;0.000190836;0;0;0;0;0;0;0.994017;0;0;0;0;0;0;0;0
0;0;0;0.000190836;0;0;0;0;0;0;0.994017;0;0;0;0;0;0;0;0
1.92E-05;3.06E-05;0.000381662;0;0;0;0;0.000509453;0.000481344;0.000141267;0;0.00158325;4.38E-06;4.08E-06;2.32E-06;6.85E-06;2.64E-05;2.23E-05;4.15E-05
0;0;0;0.000251823;0;0;0;0;0;0;1;0;0;0;0;0;0;0;0
0;0;0;0.000359112;0;0;0;0;0;0;0.979251;0;0;0;0;0;0;0;0
0;0;0;0;0;0;0;0;0;0;0;0;0;0;0;0;0;0;0
0;0;0;0;0;0;0;0;0;0;0;0;0;0;0;0;0;0;0
0;0;0;0.000404363;0;0;0;0;0;0;0.929473;0;0;0;0;0;0;0;0
0;0;0;0.000404363;0;0;0;0;0;0;0.929473;0;0;0;0;0;0;0;0
0;0;0;0;0;0;0;0;0;0;0.853851;0;0;0;0;0;0;0;0
0;0;0;0;0;0;0;0;0;0;0.853851;0;0;0;0;0;0;0;0
0;0;0;0.000542797;0;0;0;0;0;0;0;0;0;0;0;0;0;0;0
0;0;0;0.000723888;0;0;0;0;0;0;0.749499;0;0;0;0;0;0;0;0
0;0;0;0;0;0;0;0;0;0;0.608954;0;0;0;0;0;0;0;0
0;0;0;0;0;0;0;0;0;0;0.608954;0;0;0;0;0;0;0;0
0;0;0;0.000938826;0;0;0;0;0;0;0;0;0;0;0;0;0;0;0
0;0;0;0;0;0;0;0;0;0;0;0;0;0;0;0;0;0;0
0;0;0;0.00149662;0;0;0;0;0;0;0.426368;0;0;0;0;0;0;0;0
0;0;0;0.00149662;0;0;0;0;0;0;0.426368;0;0;0;0;0;0;0;0
0;0;0;0;0;0;0;0;0;0;0;0.00262217;0;0;0;0;0;0;0
0;0;0;0;0;0;0;0;0;0;0.228721;0;0;0;0;0;0;0;0
0;0;0;0.00251636;0;0;0;0;0;0;0;0;0;0;0;0;0;0;0
0;0;0;0;0;0;0;0;0;0;0;0.00815978;0;0;0;0;0;0;0
0;0;0;0;0;0;0;0;0;0;0;0;0;0;0;0;0;0;0
0;0;0;0.00489088;0;0;0;0;0;0;0.0876152;0;0;0;0;0;0;0;0
0;0;0;0.00489088;0;0;0;0;0;0;0.0876152;0;0;0;0;0;0;0;0
0;0;0;0;0;0;0;0;0;0;0;0.0308496;0;0;0;0;0;0;0
0;0;0;0.0115476;0;0;0;0;0;0;0.0300316;0;0;0;0;0;0;0;0
0;0;0;0.0115476;0;0;0;0;0;0;0.0300316;0;0;0;0;0;0;0;0
0;0;0;0;0;0;0;0;0;0;0;0.0950109;0;0;0;0;0;0;0
0;0;0;0;0;0;0;0;0;0;0;0;0;0;0;0;0;0;0
1.90E-05;3.63E-05;0.000388562;0;0;0;0;0.000589246;0.000572415;0.000200312;0;0;3.71E-06;4.93E-06;2.32E-06;2.89E-06;2.90E-05;7.32E-06;2.08E-05
0;0;0;0.0304012;0;0;0;0;0;0;0.0121307;0;0;0;0;0;0;0;0
0;0;0;0;0;0;0;0;0;0;0;0.209827;0;0;0;0;0;0;0
0;0;0;0;0;0;0;0;0;0;0;0.209827;0;0;0;0;0;0;0
0;0;0;0;0;0;0;0;0;0;0.00527154;0;0;0;0;0;0;0;0
0;0;0;0;0;0;0;0;0;0;0.00527154;0;0;0;0;0;0;0;0
0;0;0;0.0786975;0;0;0;0;0;0;0;0;0;0;0;0;0;0;0
0;0;0;0;0;0;0;0;0;0;0;0.373967;0;0;0;0;0;0;0
0;0;0;0;0;0;0;0;0;0;0;0;0;0;0;0;0;0;0
0;0;0;0.182201;0;0;0;0;0;0;0.00243814;0;0;0;0;0;0;0;0
0;0;0;0.182201;0;0;0;0;0;0;0.00243814;0;0;0;0;0;0;0;0
0;0;0;0;0;0;0;0;0;0;0;0.583985;0;0;0;0;0;0;0
0;0;0;0.350661;0;0;0;0;0;0;0.0012785;0;0;0;0;0;0;0;0
0;0;0;0;0;0;0;0;0;0;0;0.796494;0;0;0;0;0;0;0
0;0;0;0.566436;0;0;0;0;0;0;0.000563201;0;0;0;0;0;0;0;0
0;0;0;0.566436;0;0;0;0;0;0;0.000563201;0;0;0;0;0;0;0;0
0;0;0;0;0;0;0;0;0;0;0;0.944913;0;0;0;0;0;0;0
0;0;0;0;0;0;0;0;0;0;0.000237655;0;0;0;0;0;0;0;0
0;0;0;0;0;0;0;0;0;0;0.000237655;0;0;0;0;0;0;0;0
0;0;0;0.769634;0;0;0;0;0;0;0;0;0;0;0;0;0;0;0
0;0;0;0;0;0;0;0;0;0;0;0.987884;0;0;0;0;0;0;0
0;0;0;0.909875;0;0;0;0;0;0;0;0;0;0;0;0;0;0;0
0;0;0;0;0;0;0;0;0;0;0;0.99998;0;0;0;0;0;0;0
0;0;0;0.97297;0;0;0;0;0;0;0;0;0;0;0;0;0;0;0
0;0;0;0;0;0;0;0;0;0;0;1;0;0;0;0;0;0;0
0;0;0;0.992396;0;0;0;0;0;0;0;0;0;0;0;0;0;0;0
0;0;0;0;0;0;0;0;0;0;0;0.984551;0;0;0;0;0;0;0
0;0;0;0.998384;0;0;0;0;0;0;0;0;0;0;0;0;0;0;0
0;0;0;0;0;0;0;0;0;0;0;0.93678;0;0;0;0;0;0;0
0;0;0;0;0;0;0;0;0;0;0;0.93678;0;0;0;0;0;0;0
2.29E-05;3.66E-05;0.00040863;0;0;0;0;0.000597368;0.000508293;0.000287303;0.00118021;0;3.23E-06;5.26E-06;1.77E-06;3.25E-06;3.94E-05;1.46E-05;4.44E-05
0;0;0;1;0;0;0;0;0;0;0;0;0;0;0;0;0;0;0
0;0;0;0;0;0;0;0;0;0;0;0.837459;0;0;0;0;0;0;0
0;0;0;0.995265;0;0;0;0;0;0;0;0;0;0;0;0;0;0;0
0;0;0;0;0;0;0;0;0;0;0;0.679754;0;0;0;0;0;0;0
0;0;0;0.986303;0;0;0;0;0;0;0;0;0;0;0;0;0;0;0
0;0;0;0;0;0;0;0;0;0;0;0.48634;0;0;0;0;0;0;0
0;0;0;0.974737;0;0;0;0;0;0;0;0;0;0;0;0;0;0;0
0;0;0;0;0;0;0;0;0;0;0;0.278806;0;0;0;0;0;0;0
0;0;0;0.968763;0;0;0;0;0;0;0;0;0;0;0;0;0;0;0
0;0;0;0;0;0;0;0;0;0;0;0.10666;0;0;0;0;0;0;0
0;0;0;0.96809;0;0;0;0;0;0;0;0;0;0;0;0;0;0;0
0;0;0;0;0;0;0;0;0;0;0;0.0309991;0;0;0;0;0;0;0
0;0;0;0;0;0;0;0;0;0;0;0;0;0;0;0;0;0;0
0;0;0;0.973408;0;0;0;0;0;0;0;0;0;0;0;0;0;0;0
0;0;0;0;0;0;0;0;0;0;0;0.00901877;0;0;0;0;0;0;0
0;0;0;0.983348;0;0;0;0;0;0;0;0;0;0;0;0;0;0;0
0;0;0;0;0;0;0;0;0;0;0;0.00326324;0;0;0;0;0;0;0
0;0;0;0.9879;0;0;0;0;0;0;0;0;0;0;0;0;0;0;0
0;0;0;0;0;0;0;0;0;0;0;0.00158635;0;0;0;0;0;0;0
0;0;0;0;0;0;0;0;0;0;0;0.00158635;0;0;0;0;0;0;0
0;0;0;0.982297;0;0;0;0;0;0;0;0;0;0;0;0;0;0;0
0;0;0;0;0;0;0;0;0;0;0;0.000927721;0;0;0;0;0;0;0
1.81E-05;3.38E-05;0.000671076;0;0;0;0;0.000538533;0.000133733;0.000385956;0.000827893;0;2.21E-06;4.39E-06;1.10E-06;3.89E-06;2.04E-05;1.64E-05;5.21E-05
0;0;0;0.962784;0;0;0;0;0;0;0;0;0;0;0;0;0;0;0
0;0;0;0;0;0;0;0;0;0;0;0.000587577;0;0;0;0;0;0;0
0;0;0;0.905679;0;0;0;0;0;0;0;0;0;0;0;0;0;0;0
0;0;0;0;0;0;0;0;0;0;0;0.000464533;0;0;0;0;0;0;0
0;0;0;0.789595;0;0;0;0;0;0;0;0;0;0;0;0;0;0;0
0;0;0;0;0;0;0;0;0;0;0;0.000360024;0;0;0;0;0;0;0
0;0;0;0.613405;0;0;0;0;0;0;0;0;0;0;0;0;0;0;0
0;0;0;0;0;0;0;0;0;0;0;0.000337509;0;0;0;0;0;0;0
0;0;0;0.407221;0;0;0;0;0;0;0;0;0;0;0;0;0;0;0
0;0;0;0;0;0;0;0;0;0;0;0.000252814;0;0;0;0;0;0;0
0;0;0;0.204311;0;0;0;0;0;0;0;0;0;0;0;0;0;0;0
0;0;0;0;0;0;0;0;0;0;0;0.00013101;0;0;0;0;0;0;0
0;0;0;0.0817568;0;0;0;0;0;0;0;0;0;0;0;0;0;0;0
0;0;0;0.0280225;0;0;0;0;0;0;0;0;0;0;0;0;0;0;0
0;0;0;0;0;0;0;0;0;0;0;0.000229561;0;0;0;0;0;0;0
0;0;0;0.00990879;0;0;0;0;0;0;0;0;0;0;0;0;0;0;0
0;0;0;0;0;0;0;0;0;0;0;0;0;0;0;0;0;0;0
0;0;0;0.00405509;0;0;0;0;0;0;0;0;0;0;0;0;0;0;0
7.29E-05;2.82E-05;0.00209956;0;0;0;0;0.000453382;2.69E-05;0.000610857;0.000800978;0.000791123;4.52E-06;7.76E-06;1.50E-06;3.26E-06;4.65E-05;2.56E-05;5.34E-05
0;0;0;0.00177973;0;0;0;0;0;0;0;0;0;0;0;0;0;0;0
7.32E-05;0;0;0;0;0;0;0;0;0;0;0;0;0;0;0;0;0;0
0;0;0;0.000796375;0;0;0;0;0;0;0;0;0;0;0;0;0;0;0
0;0;0;0.000407501;0;0;0;0;0;0;0;0;0;0;0;0;0;0;0
0;0;0;0.000175489;0;0;0;0;0;0;0;0;0;0;0;0;0;0;0
7.90E-05;0;0;0;0;0;0;0;0;0;0;0;0;0;0;0;0;0;0
0;0;0;0;0;0;0;0;0;0;0;0;0;0;0;0;0;0;0
0;0;0;0.000115072;0;0;0;0;0;0;0;0;0;0;0;0;0;0;0
0;0;0;0.000122163;0;0;0;0;0;0;0;0;0;0;0;0;0;0;0
8.24E-05;0;0;0;0;0;0;0;0;0;0;0;0;0;0;0;0;0;0
0;0;0;0;0;0;0;0;0;0;0;0;0;0;0;0;0;0;0
0;0;0;6.88E-05;0;0;0;0;0;0;0;0;0;0;0;0;0;0;0
0;0;0;7.78E-05;0;0;0;0;0;0;0;0;0;0;0;0;0;0;0
0;0;0;8.08E-05;0;0;0;0;0;0;0;0;0;0;0;0;0;0;0
7.85E-05;0;0;0;0;0;0;0;0;0;0;0;0;0;0;0;0;0;0
0;0;0;6.58E-05;0;0;0;0;0;0;0;0;0;0;0;0;0;0;0
0;3.49E-05;0.00106929;0;0;0;0;0.000371349;1.67E-05;0.000813985;0.00108695;0.000644297;5.40E-06;1.71E-06;1.86E-06;1.70E-06;2.29E-05;1.02E-05;4.52E-05
0;0;0;5.46E-05;0;0;0;0;0;0;0;0;0;0;0;0;0;0;0
8.58E-05;0;0;0;0;0;0;0;0;0;0;0;0;0;0;0;0;0;0
0;0;0;5.29E-05;0;0;0;0;0;0;0;0;0;0;0;0;0;0;0
0;0;0;3.85E-05;0;0;0;0;0;0;0;0;0;0;0;0;0;0;0
0;0;0;0;0;0;0;0;0;0;0;0;0;0;0;0;0;0;0
0;0;0;3.72E-05;0;0;0;0;0;0;0;0;0;0;0;0;0;0;0
4.98E-05;0;0;0;0;0;0;0;0;0;0;0;0;0;0;0;0;0;0
0;0;0;0;0;0;0;0;0;0;0;0;0;0;0;0;0;0;0
0;0;0;6.07E-05;0;0;0;0;0;0;0;0;0;0;0;0;0;0;0
4.01E-05;0;0;0;0;0;0;0;0;0;0;0;0;0;0;0;0;0;0
6.37E-05;0;0;0;0;0;0;0;0;0;0;0;0;0;0;0;0;0;0
0;3.87E-05;0.00076584;3.07E-05;0;0;0;0.00015448;1.23E-05;0.000855205;0.000342902;0.000205371;1.30E-05;2.60E-05;0.000118104;1.37E-05;3.02E-05;2.06E-05;7.61E-05
6.87E-05;0;0;0;0;0;0;0;0;0;0;0;0;0;0;0;0;0;0
0;0;0;0;0;0;0;0;0;0;0;0;0;0;0;0;0;0;0
9.20E-05;0;0;0;0;0;0;0;0;0;0;0;0;0;0;0;0;0;0
0.000111932;0;0;0;0;0;0;0;0;0;0;0;0;0;0;0;0;0;0
0;0;0;0;0;0;0;0;0;0;0;0;0;0;0;0;0;0;0
0;0;0;0;0;0;0;0;0;0;0;0;0;0;0;0;0;0;0
0;0;0;0;0;0;0;0;0;0;0;0;0;0;0;0;0;0;0
7.15E-05;0;0;0;0;0;0;0;0;0;0;0;0;0;0;0;0;0;0
0;7.11E-05;0.000187496;1.96E-05;0;0;0;2.54E-05;8.47E-06;0.000249298;7.44E-05;3.73E-05;5.44E-05;0.000186616;0.000433429;9.72E-05;8.64E-05;3.29E-05;0.000122853
6.02E-05;0;0;0;0;0;0;0;0;0;0;0;0;0;0;0;0;0;0
0.000119795;0;0;0;0;0;0;0;0;0;0;0;0;0;0;0;0;0;0
0.000348286;0;0;0;0;0;0;0;0;0;0;0;0;0;0;0;0;0;0
0;0;0;0;0;0;0;0;0;0;0;0;0;0;0;0;0;0;0
0;7.33E-05;4.74E-05;2.38E-05;0;0;0;1.93E-05;5.84E-06;4.21E-05;4.45E-05;1.88E-05;0.00011938;0.000277324;0.000599286;7.86E-05;5.40E-05;0.00012702;0.000142052
0.00119145;0;0;0;0;0;0;0;0;0;0;0;0;0;0;0;0;0;0
0.0055696;0;0;0;0;0;0;0;0;0;0;0;0;0;0;0;0;0;0
0;0;0;0;0;0;0;0;0;0;0;0;0;0;0;0;0;0;0
0.0259655;0;0;0;0;0;0;0;0;0;0;0;0;0;0;0;0;0;0
0;0;0;0;0;0;0;0;0;0;0;0;4.62E-05;0;0;0;0;0;0
0.146929;0;0;0;0;0;0;0;0;0;0;0;0;0;0;0;0;0;0
0;0;0;0;0;0;0;0;0;0;0;0;5.28E-05;0;0;0;0;0;0
0;0.000150153;5.66E-05;1.82E-05;0;0;0;2.83E-05;7.46E-06;0.000149763;9.55E-06;2.00E-05;0;0.000537109;0.00194776;0.000122973;3.99E-05;6.66E-05;0.000140011
0.367228;0;0;0;0;0;0;0;0;0;0;0;0;0;0;0;0;0;0
0;0;0;0;0;0;0;0;0;0;0;0;4.50E-05;0;0;0;0;0;0
0.68446;0;0;0;0;0;0;0;0;0;0;0;7.53E-05;0;0;0;0;0;0
0.724822;0;0;0;0;0;0;0;0;0;0;0;7.50E-05;0;0;0;0;0;0
0;0;0;0;0;0;0;0;0;0;0;0;0.000104318;0;0;0;0;0;0
0.727771;0;0;0;0;0;0;0;0;0;0;0;0;0;0;0;0;0;0
0;0;0;0;0;0;0;0;0;0;0;0;0;0;0;0;0;0;0
0;0;0;0;0;0;0;0;0;0;0;0;6.92E-05;0;0;0;0;0;0
0;0.000235526;6.11E-05;2.55E-05;0;0;0;2.56E-05;1.02E-05;2.49E-05;8.20E-06;9.11E-06;0;0.000703897;0.00196638;0.000137561;2.02E-05;0.000143044;0.000202883
0.733656;0;0;0;0;0;0;0;0;0;0;0;0;0;0;0;0;0;0
0;0;0;0;0;0;0;0;0;0;0;0;6.58E-05;0;0;0;0;0;0
0;0;0;0;0;0;0;0;0;0;0;0;0;0;0;0;0;0;0
0.745276;0;0;0;0;0;0;0;0;0;0;0;0.000100841;0;0;0;0;0;0
0.753959;0;0;0;0;0;0;0;0;0;0;0;0.000104205;0;0;0;0;0;0
0;0;0;0;0;0;0;0;0;0;0;0;0.000103354;0;0;0;0;0;0
0.768836;0;0;0;0;0;0;0;0;0;0;0;0;0;0;0;0;0;0
0;0;0;0;0;0;0;0;0;0;0;0;0.000154793;0;0;0;0;0;0
0;0.00037673;7.75E-05;3.31E-05;0;0;0;5.22E-05;1.69E-05;6.80E-06;7.63E-06;3.15E-06;0;0.000958785;0.00239308;0.000140754;1.28E-05;2.75E-05;0.000110726
0.774306;0;0;0;0;0;0;0;0;0;0;0;0;0;0;0;0;0;0
0;0;0;0;0;0;0;0;0;0;0;0;0;0;0;0;0;0;0
0;0;0;0;0;0;0;0;0;0;0;0;0.000162017;0;0;0;0;0;0
0.790446;0;0;0;0;0;0;0;0;0;0;0;0.000169826;0;0;0;0;0;0
0.813292;0;0;0;0;0;0;0;0;0;0;0;0.000166475;0;0;0;0;0;0
0;0;0;0;0;0;0;0;0;0;0;0;0.000229573;0;0;0;0;0;0
0.868503;0;0;0;0;0;0;0;0;0;0;0;0;0;0;0;0;0;0
0;0;0;0;0;0;0;0;0;0;0;0;0.000290304;0;0;0;0;0;0
0;0.000182532;7.68E-05;3.37E-05;0;0;0;1.39E-05;7.64E-06;6.22E-06;6.83E-06;4.36E-06;0;0.000428901;0.00152298;4.17E-05;5.31E-05;2.58E-05;6.57E-05
0.904408;0;0;0;0;0;0;0;0;0;0;0;0;0;0;0;0;0;0
0;0;0;0;0;0;0;0;0;0;0;0;0.000416434;0;0;0;0;0;0
0.965654;0;0;0;0;0;0;0;0;0;0;0;0.000667772;0;0;0;0;0;0
0.990801;0;0;0;0;0;0;0;0;0;0;0;0.00307108;0;0;0;0;0;0
0;0;0;0;0;0;0;0;0;0;0;0;0.0355434;0;0;0;0;0;0
1;0;0;0;0;0;0;0;0;0;0;0;0;0;0;0;0;0;0
0;0;0;0;0;0;0;0;0;0;0;0;0.229718;0;0;0;0;0;0
0;0.00103705;0.000139575;6.21E-05;0;0;0;8.68E-05;1.49E-05;6.46E-06;1.55E-05;1.33E-05;0;0.00507117;0.00495385;0.000123478;6.65E-05;4.17E-05;0.000155889
0.946519;0;0;0;0;0;0;0;0;0;0;0;0;0;0;0;0;0;0
0;0;0;0;0;0;0;0;0;0;0;0;0.599596;0;0;0;0;0;0
0.816125;0;0;0;0;0;0;0;0;0;0;0;0.9181;0;0;0;0;0;0
0;0;0;0;0;0;0;0;0;0;0;0;0;0.0013325;0;0;0;0;0
0;0;0;0;0;0;0;0;0;0;0;0;0;0.00410076;0;0;0;0;0
0;0;0;0;0;0;0;0;0;0;0;0;0;0.00410076;0;0;0;0;0
0.730804;0;0;0;0;0;0;0;0;0;0;0;1;0;0;0;0;0;0
0;0;0;0;0;0;0;0;0;0;0;0;0;0.00932115;0;0;0;0;0
0;0;0;0;0;0;0;0;0;0;0;0;0;0;0;0;0;0;0
0;0;0;0;0;0;0;0;0;0;0;0;0;0.0206315;0;0;0;0;0
0;0;0;0;0;0;0;0;0;0;0;0;0.909819;0;0;0;0;0;0
0;0;0;0;0;0;0;0;0;0;0;0;0;0.0437816;0;0;0;0;0
0;0;0;0;0;0;0;0;0;0;0;0;0;0.0437816;0;0;0;0;0
0;0;0;0;0;0;0;0;0;0;0;0;0;0;0;0;0;0;0
0.546438;0;0;0;0;0;0;0;0;0;0;0;0;0;0;0;0;0;0
0;0;0;0;0;0;0;0;0;0;0;0;0;0.090595;0;0;0;0;0
0;0;0;0;0;0;0;0;0;0;0;0;0.754917;0;0;0;0;0;0
0;0;0;0;0;0;0;0;0;0;0;0;0;0.179606;0;0;0;0;0
0;0;0;0;0;0;0;0;0;0;0;0;0;0.179606;0;0;0;0;0
0;0.00105425;0.000131291;6.14E-05;0;0;0;0.000114069;2.42E-05;6.07E-06;1.26E-05;1.19E-05;0;0;0.000302361;5.23E-05;4.01E-05;4.29E-05;0.000109906
0.383817;0;0;0;0;0;0;0;0;0;0;0;0;0;0;0;0;0;0
0;0;0;0;0;0;0;0;0;0;0;0;0;0.313027;0;0;0;0;0
0;0;0;0;0;0;0;0;0;0;0;0;0.427553;0;0;0;0;0;0
0;0;0;0;0;0;0;0;0;0;0;0;0;0.476246;0;0;0;0;0
0;0;0;0;0;0;0;0;0;0;0;0;0;0.476246;0;0;0;0;0
0;0;0;0;0;0;0;0;0;0;0;0;0;0.638402;0;0;0;0;0
0.164949;0;0;0;0;0;0;0;0;0;0;0;0;0;0;0;0;0;0
0;0;0;0;0;0;0;0;0;0;0;0;0.165705;0;0;0;0;0;0
0;0;0;0;0;0;0;0;0;0;0;0;0;0.795755;0;0;0;0;0
0;0;0;0;0;0;0;0;0;0;0;0;0;0.919454;0;0;0;0;0
0;0;0;0;0;0;0;0;0;0;0;0;0;0.919454;0;0;0;0;0
0.0879277;0;0;0;0;0;0;0;0;0;0;0;0.00471512;0;0;0;0;0;0
0;0;0;0;0;0;0;0;0;0;0;0;0;0.986185;0;0;0;0;0
0;0;0;0;0;0;0;0;0;0;0;0;0;1;0;0;0;0;0
0;0;0;0;0;0;0;0;0;0;0;0;0;1;0;0;0;0;0
0;0;0;0;0;0;0;0;0;0;0;0;0.000157019;0;0;0;0;0;0
0;0;0;0;0;0;0;0;0;0;0;0;0;0.994435;0;0;0;0;0
0.0310486;0;0;0;0;0;0;0;0;0;0;0;0;0;0;0;0;0;0
0;0;0;0;0;0;0;0;0;0;0;0;0;0.978343;0;0;0;0;0
0;0;0;0;0;0;0;0;0;0;0;0;0;0.978343;0;0;0;0;0
0;0;0;0;0;0;0;0;0;0;0;0;6.01E-05;0;0;0;0;0;0
0;0;0;0;0;0;0;0;0;0;0;0;0;0.936855;0;0;0;0;0
0;0;0;0;0;0;0;0;0;0;0;0;0;0;0;0;0;0;0
0;0;0;0;0;0;0;0;0;0;0;0;0;0;0;0;0;0;0
0;0.000808676;8.99E-05;5.74E-05;0;0;0;0.000100315;1.81E-05;3.11E-06;1.04E-05;5.14E-06;0;0;0.000261292;1.24E-05;1.71E-05;3.47E-05;0.000125404
0.0157825;0;0;0;0;0;0;0;0;0;0;0;0;0;0;0;0;0;0
0;0;0;0;0;0;0;0;0;0;0;0;0;0.845562;0;0;0;0;0
0;0;0;0;0;0;0;0;0;0;0;0;5.98E-05;0;0;0;0;0;0
0;0;0;0;0;0;0;0;0;0;0;0;0;0.717473;0;0;0;0;0
0;0;0;0;0;0;0;0;0;0;0;0;0;0.717473;0;0;0;0;0
0;0;0;0;0;0;0;0;0;0;0;0;0;0.578804;0;0;0;0;0
0.00466254;0;0;0;0;0;0;0;0;0;0;0;5.81E-05;0;0;0;0;0;0
0;0;0;0;0;0;0;0;0;0;0;0;0;0.430299;0;0;0;0;0
0;0;0;0;0;0;0;0;0;0;0;0;0;0.430299;0;0;0;0;0
0;0;0;0;0;0;0;0;0;0;0;0;0;0.261534;0;0;0;0;0
0.00226284;0;0;0;0;0;0;0;0;0;0;0;0;0;0;0;0;0;0
0;0;0;0;0;0;0;0;0;0;0;0;0;0.1125;0;0;0;0;0
0;0;0;0;0;0;0;0;0;0;0;0;0;0.1125;0;0;0;0;0
0;0;0;0;0;0;0;0;0;0;0;0;0;0.0421549;0;0;0;0;0
0;0;0;0;0;0;0;0;0;0;0;0;4.17E-05;0;0;0;0;0;0
0;0;0;0;0;0;0;0;0;0;0;0;0;0.0168964;0;0;0;0;0
0.00084344;0;0;0;0;0;0;0;0;0;0;0;0;0;0;0;0;0;0
0;0;0;0;0;0;0;0;0;0;0;0;0;0.00817022;0;0;0;0;0
0;0;0;0;0;0;0;0;0;0;0;0;0;0.00817022;0;0;0;0;0
0;0;0;0;0;0;0;0;0;0;0;0;4.46E-05;0;0;0;0;0;0
0;0;0;0;0;0;0;0;0;0;0;0;0;0.00411615;0;0;0;0;0
0;0.000120428;6.81E-05;2.49E-05;0;0;0;7.41E-05;5.67E-06;2.33E-06;5.80E-06;1.61E-06;0;0;0.000335598;9.32E-06;2.08E-05;0.000119187;0.000183974
0.000467935;0;0;0;0;0;0;0;0;0;0;0;0;0;0;0;0;0;0
0;0;0;0;0;0;0;0;0;0;0;0;0;0.00207049;0;0;0;0;0
0;0;0;0;0;0;0;0;0;0;0;0;0;0.00207049;0;0;0;0;0
0;0;0;0;0;0;0;0;0;0;0;0;0;0.0011106;0;0;0;0;0
0;0;0;0;0;0;0;0;0;0;0;0;0;0.000498728;0;0;0;0;0
0;0;0;0;0;0;0;0;0;0;0;0;0;0.000498728;0;0;0;0;0
0.000182585;0;0;0;0;0;0;0;0;0;0;0;4.93E-05;0;0;0;0;0;0
0.000107413;0;0;0;0;0;0;0;0;0;0;0;4.64E-05;0;0;0;0;0;0
0;0;0;0;0;0;0;0;0;0;0;0;4.16E-05;0;0;0;0;0;0
7.64E-05;0;0;0;0;0;0;0;0;0;0;0;0;0;0;0;0;0;0
0;0;0;0;0;0;0;0;0;0;0;0;3.96E-05;0;0;0;0;0;0
0;0.000412739;3.14E-05;2.14E-05;0;0;0;5.80E-05;3.78E-06;4.09E-06;5.74E-06;2.54E-06;0;0.000721096;0.000408577;1.12E-05;2.91E-05;0.000362213;0.000377622
8.30E-05;0;0;0;0;0;0;0;0;0;0;0;0;0;0;0;0;0;0
0;0;0;0;0;0;0;0;0;0;0;0;4.56E-05;0;0;0;0;0;0
0.000114591;0;0;0;0;0;0;0;0;0;0;0;4.67E-05;0;0;0;0;0;0
0.000106094;0;0;0;0;0;0;0;0;0;0;0;4.26E-05;0;0;0;0;0;0
0;0;0;0;0;0;0;0;0;0;0;0;4.09E-05;0;0;0;0;0;0
0;0;0;0;0;0;0;0;0;0;0;0;3.73E-05;0;0;0;0;0;0
0;9.05E-05;2.40E-05;1.97E-05;0;0;0;3.89E-05;8.33E-06;2.95E-06;7.34E-06;3.81E-06;0;0.000112995;0.000524848;1.41E-05;5.79E-05;0.00025814;0.000232028
7.74E-05;0;0;0;0;0;0;0;0;0;0;0;0;0;0;0;0;0;0
0;0;0;0;0;0;0;0;0;0;0;0;0;0;0;0;0;0;0
0;0;0;0;0;0;0;0;0;0;0;0;5.16E-05;0;0;0;0;0;0
0.000100684;0;0;0;0;0;0;0;0;0;0;0;4.61E-05;0;0;0;0;0;0
0.000109653;0;0;0;0;0;0;0;0;0;0;0;5.89E-05;0;0;0;0;0;0
0;0;0;0;0;0;0;0;0;0;0;0;0;0;0;0;0;0;0
0.000120549;0;0;0;0;0;0;0;0;0;0;0;0;0;0;0;0;0;0
0;0;0;0;0;0;0;0;0;0;0;0;0;0;0;0;0;0;0
0;0;0;0;0;0;0;0;0;0;0;0;4.78E-05;0;0;0;0;0;0
0;0.000106752;3.75E-05;2.23E-05;0;0;0;5.28E-05;7.27E-06;3.96E-06;8.10E-06;1.90E-06;0;0.000105469;0.000784429;1.04E-05;4.17E-05;4.99E-05;9.28E-05
0.000127597;0;0;0;0;0;0;0;0;0;0;0;0;0;0;0;0;0;0
0;0;0;0;0;0;0;0;0;0;0;0;5.58E-05;0;0;0;0;0;0
0;0;0;0;0;0;0;0;0;0;0;0;0;0;0;0;0;0;0
0;0;0;0;0;0;0;0;0;0;0;0;0;0;0;0;0;0;0
0;0;0;0;0;0;0;0;0;0;0;0;0;0;0;0;0;0;0
2.14E-05;4.23E-05;2.94E-05;2.58E-05;0;0;0;1.90E-05;8.24E-06;1.37E-06;3.61E-06;2.34E-06;2.88E-05;4.06E-05;0.000615744;1.27E-05;1.01E-05;1.79E-05;9.35E-05
0;0;0;0;0;0;0;0;0;0;0;0;0;0;0;0;0;0;0
0;0;0;0;0;0;0;0;0;0;0;0;0;0;0.00263646;0;0;0;0
0;0;0;0;0;0;0;0;0;0;0;0;0;0;0;0;0;0;0
0;0;0;0;0;0;0;0;0;0;0;0;0;0;0.00436661;0;0;0;0
0;0;0;0;0;0;0;0;0;0;0;0;0;0;0.00750206;0;0;0;0
0;0;0;0;0;0;0;0;0;0;0;0;0;0;0.0147673;0;0;0;0
0;0;0;0;0;0;0;0;0;0;0;0;0;0;0;0;0;0;0
0;0;0;0;0;0;0;0;0;0;0;0;0;0;0.0319952;0;0;0;0
0;0;0;0;0;0;0;0;0;0;0;0;0;0;0.0731371;0;0;0;0
0;0;0;0;0;0;0;0;0;0;0;0;0;0;0.149887;0;0;0;0
2.88E-05;8.47E-05;4.62E-05;2.97E-05;0;0;0;2.37E-05;1.20E-05;2.74E-06;1.29E-05;2.89E-06;0.000138141;0.000374666;0;0.000154054;6.27E-05;8.09E-05;0.000102392
0;0;0;0;0;0;0;0;0;0;0;0;0;0;0.27305;0;0;0;0
0;0;0;0;0;0;0;0;0;0;0;0;0;0;0.425666;0;0;0;0
0;0;0;0;0;0;0;0;0;0;0;0;0;0;0.590853;0;0;0;0
0;0;0;0;0;0;0;0;0;0;0;0;0;0;0.756157;0;0;0;0
0;0;0;0;0;0;0;0;0;0;0;0;0;0;0.893901;0;0;0;0
0;0;0;0;0;0;0;0;0;0;0;0;0;0;0.968958;0;0;0;0
0;0;0;0;0;0;0;0;0;0;0;0;0;0;1;0;0;0;0
0;0;0;0;0;0;0;0;0;0;0;0;0;0;0.999002;0;0;0;0
0;0;0;0;0;0;0;0;0;0;0;0;0;0;0.948556;0;0;0;0
0;0;0;0;0;0;0;0;0;0;0;0;0;0;0.850051;0;0;0;0
0;0;0;0;0;0;0;0;0;0;0;0;0;0;0;0;0;0;0
2.26E-05;6.57E-05;4.69E-05;2.79E-05;0;0;0;3.61E-05;2.08E-05;3.43E-06;1.46E-05;1.42E-06;0.000156169;0.000532363;0;0.000452058;0.00012862;5.58E-05;8.24E-05
0;0;0;0;0;0;0;0;0;0;0;0;0;0;0.724795;0;0;0;0
0;0;0;0;0;0;0;0;0;0;0;0;0;0;0.579505;0;0;0;0
0;0;0;0;0;0;0;0;0;0;0;0;0;0;0.394172;0;0;0;0
0;0;0;0;0;0;0;0;0;0;0;0;0;0;0.212883;0;0;0;0
0;0;0;0;0;0;0;0;0;0;0;0;0;0;0;0;0;0;0
0;0;0;0;0;0;0;0;0;0;0;0;0;0;0.092485;0;0;0;0
0;0;0;0;0;0;0;0;0;0;0;0;0;0;0.0417258;0;0;0;0
0;0;0;0;0;0;0;0;0;0;0;0;0;0;0.0188261;0;0;0;0
0;0;0;0;0;0;0;0;0;0;0;0;0;0;0.00845815;0;0;0;0
0;0;0;0;0;0;0;0;0;0;0;0;0;0;0.00379639;0;0;0;0
0;0;0;0;0;0;0;0;0;0;0;0;0;0;0.00170488;0;0;0;0
3.89E-05;0.000215214;3.05E-05;2.60E-05;0;0;0;4.93E-05;1.01E-05;1.05E-05;1.25E-05;3.85E-06;0.000185282;0.000527135;0;0.000321376;0.000281897;3.41E-05;0.000101442
0;0;0;0;0;0;0;0;0;0;0;0;0;0;0.000776378;0;0;0;0
0;0;0;0;0;0;0;0;0;0;0;0;0;0;0.000335113;0;0;0;0
0;0;0;0;0;0;0;0;0;0;0;0;0;0;0.000145035;0;0;0;0
0;0;0;0;0;0;0;0;0;0;0;0;0;0;0;0;0;0;0
3.22E-05;0.000440674;8.99E-05;4.31E-05;0;0;0;2.95E-05;1.39E-05;7.05E-06;1.90E-05;6.87E-06;0.000344619;0.000537842;0.000175852;0.000195408;0.000626594;3.12E-05;9.61E-05
0;0;0;0;0;0;0;0;0;0;0;0;0;0;0;0;0;0;0
0;0;0;0;0;0;0;0;0;0;0;0;0;0;0;0;0;0;0
3.94E-05;0.000825851;6.85E-05;3.33E-05;0;0;0;1.83E-05;1.86E-05;5.61E-06;1.91E-05;3.65E-06;0.000710474;0.000508853;7.53E-05;0.000166237;0.00218818;4.31E-05;0.000120111
0;0;0;0;0;0;0;0;0;0;0;0;0;0;0;0;0;0;0
4.94E-05;0.0010283;0.000109446;5.41E-05;0;0;0;2.64E-05;1.60E-05;1.21E-05;2.00E-05;5.32E-06;0.000564728;0.000707279;7.89E-05;0.000152778;0.000190119;0.000109264;0.00013732
0;0;0;0;0;0;0;0;0;0;0;0;0;0;0;0;0;0;0
0;0;0;0;0;0;0;0;0;0;0;0;0;0;0;0;0;0;0
0;0;0;0;0;0;0;0;0;0;0;0;0;0;0;0;0;0;0
0;0;0;0;0;0;0;0;0;0;0;0;0;0;0;0;0;0;0
5.68E-05;0.00179476;6.62E-05;4.56E-05;0;0;0;2.78E-05;1.72E-05;1.14E-05;1.54E-05;5.65E-06;0.00103737;0.000922151;7.42E-05;0.000150773;0.000122838;0.000166402;0.000107925
0;0.000746964;0;0;0;0;0;0;0;0;0;0;0;0;0;0;0;0;0
0;0.00113458;0;0;0;0;0;0;0;0;0;0;0;0;0;0;0;0;0
0;0;0;0;0;0;0;0;0;0;0;0;0;0;0;0;0;0;0
0;0;0;0;0;0;0;0;0;0;0;0;0;0;0;0;0;0;0
0;0.00165372;0;0;0;0;0;0;0;0;0;0;0;0;0;0;0;0;0
6.69E-05;0;5.94E-05;6.62E-05;0;0;0;2.57E-05;2.27E-05;7.97E-06;2.71E-05;1.07E-05;0.000635217;0.000880489;8.86E-05;0.000175821;0.000362592;0.00114376;0.000300633
0;0.00193717;0;0;0;0;0;0;0;0;0;0;0;0;0;0;0;0;0
0;0;0;0;0;0;0;0;0;0;0;0;0;0;0;0;0;0;0
0;0.00283349;0;0;0;0;0;0;0;0;0;0;0;0;0;0;0;0;0
0;0.00395436;0;0;0;0;0;0;0;0;0;0;0;0;0;0;0;0;0
0;0;0;0;0;0;0;0;0;0;0;0;0;0;0;0;0;0;0
0;0.00707876;0;0;0;0;0;0;0;0;0;0;0;0;0;0;0;0;0
0.000118165;0;9.48E-05;7.16E-05;0;0;0;4.71E-05;4.03E-05;1.41E-05;2.94E-05;1.34E-05;0.000606898;0.000869612;0.000107263;0.000223303;0.000415579;0.00359902;0.000276261
0;0.0125305;0;0;0;0;0;0;0;0;0;0;0;0;0;0;0;0;0
0;0;0;0;0;0;0;0;0;0;0;0;0;0;0;0;0;0;0
0;0.0291913;0;0;0;0;0;0;0;0;0;0;0;0;0;0;0;0;0
0;0;0;0;0;0;0;0;0;0;0;0;0;0;0;0;0;0;0
0;0.0553052;0;0;0;0;0;0;0;0;0;0;0;0;0;0;0;0;0
0;0;0;0;0;0;0;0;0;0;0;0;0;0;0;0;0;0;0
0;0.113904;0;0;0;0;0;0;0;0;0;0;0;0;0;0;0;0;0
6.45E-05;0;0.000119635;7.69E-05;0;0;0;7.70E-05;2.86E-05;1.23E-05;2.93E-05;1.25E-05;0.000850426;0.00105499;0.00014657;0.000290183;0.000480299;0.000113875;0.000124103
0;0.164168;0;0;0;0;0;0;0;0;0;0;0;0;0;0;0;0;0
0;0;0;0;0;0;0;0;0;0;0;0;0;0;0;0;0;0;0
0;0.247134;0;0;0;0;0;0;0;0;0;0;0;0;0;0;0;0;0
0;0;0;0;0;0;0;0;0;0;0;0;0;0;0;0;0;0;0
0;0.329724;0;0;0;0;0;0;0;0;0;0;0;0;0;0;0;0;0
0;0;0;0;0;0;0;0;0;0;0;0;0;0;0;0;0;0;0
0;0.517874;0;0;0;0;0;0;0;0;0;0;0;0;0;0;0;0;0
0.000151329;0;0.000137343;0.000125787;0;0;0;6.46E-05;1.37E-05;1.06E-05;2.91E-05;7.20E-06;0.00197585;0.0014393;0.000182415;0.00064048;0.000704418;0.000113855;0.000243604
0;0.686537;0;0;0;0;0;0;0;0;0;0;0;0;0;0;0;0;0
0;0.899397;0;0;0;0;0;0;0;0;0;0;0;0;0;0;0;0;0
0;0.950015;0;0;0;0;0;0;0;0;0;0;0;0;0;0;0;0;0
0;0;0;0;0;0;0;0;0;0;0;0;0;0;0;0;0;0;0
0;0;0;0;0;0;0;0;0;0;0;0;0;0;0;0;0;0;0
0;0;0;0;0;0;0;0;0;0;0;0;0;0;0;0.00108751;0;0;0
0;0;0;0;0;0;0;0;0;0;0;0;0;0;0;0.00191672;0;0;0
0;0.961036;0;0;0;0;0;0;0;0;0;0;0;0;0;0;0;0;0
0;0;0;0;0;0;0;0;0;0;0;0;0;0;0;0.00337639;0;0;0
0.000230796;0;0.000157302;0.000201425;0;0;0;0.000103495;2.58E-05;1.44E-05;3.75E-05;1.46E-05;0.00173451;0.002407;0.00037556;0;0.000993038;8.35E-05;0.000126424
0;0;0;0;0;0;0;0;0;0;0;0;0;0;0;0.00643322;0;0;0
0;0.951878;0;0;0;0;0;0;0;0;0;0;0;0;0;0;0;0;0
0;0;0;0;0;0;0;0;0;0;0;0;0;0;0;0.0118963;0;0;0
0;0;0;0;0;0;0;0;0;0;0;0;0;0;0;0.0234688;0;0;0
0;0;0;0;0;0;0;0;0;0;0;0;0;0;0;0.0439229;0;0;0
0;0.941617;0;0;0;0;0;0;0;0;0;0;0;0;0;0;0;0;0
0;0;0;0;0;0;0;0;0;0;0;0;0;0;0;0;0;0;0
0;0;0;0;0;0;0;0;0;0;0;0;0;0;0;0.0800571;0;0;0
0;0;0;0;0;0;0;0;0;0;0;0;0;0;0;0.137202;0;0;0
0;0.947638;0;0;0;0;0;0;0;0;0;0;0;0;0;0;0;0;0
0;0;0;0;0;0;0;0;0;0;0;0;0;0;0;0.216302;0;0;0
0;0;0;0;0;0;0;0;0;0;0;0;0;0;0;0.320583;0;0;0
0;0;0;0;0;0;0;0;0;0;0;0;0;0;0;0.440943;0;0;0
0;0.972597;0;0;0;0;0;0;0;0;0;0;0;0;0;0;0;0;0
0;0;0;0;0;0;0;0;0;0;0;0;0;0;0;0.57562;0;0;0
0.000197672;0;0.000228641;0.000201415;0;0;0;0.000146338;3.63E-05;1.87E-05;2.56E-05;9.93E-06;0.00302237;0.00269147;0.00102471;0;0.00209355;5.31E-05;0.000590041
0;0;0;0;0;0;0;0;0;0;0;0;0;0;0;0.705557;0;0;0
0;0.992119;0;0;0;0;0;0;0;0;0;0;0;0;0;0;0;0;0
0;0;0;0;0;0;0;0;0;0;0;0;0;0;0;0;0;0;0
0;0;0;0;0;0;0;0;0;0;0;0;0;0;0;0.821097;0;0;0
0;0;0;0;0;0;0;0;0;0;0;0;0;0;0;0.908016;0;0;0
0;0;0;0;0;0;0;0;0;0;0;0;0;0;0;0;0.00153669;0;0
0;0;0;0;0;0;0;0;0;0;0;0;0;0;0;0.965926;0;0;0
0;1;0;0;0;0;0;0;0;0;0;0;0;0;0;0;0;0;0
0;0;0;0;0;0;0;0;0;0;0;0;0;0;0;0.993946;0;0;0
0;0;0;0;0;0;0;0;0;0;0;0;0;0;0;1;0;0;0
0;0.982019;0;0;0;0;0;0;0;0;0;0;0;0;0;0;0;0;0
0;0;0;0;0;0;0;0;0;0;0;0;0;0;0;0;0.00381636;0;0
0;0;0;0;0;0;0;0;0;0;0;0;0;0;0;0.992554;0;0;0
0;0;0;0;0;0;0;0;0;0;0;0;0;0;0;0.984748;0;0;0
0;0;0;0;0;0;0;0;0;0;0;0;0;0;0;0.971232;0;0;0
0;0;0;0;0;0;0;0;0;0;0;0;0;0;0;0;0;0;0.000552173
0;0.948361;0;0;0;0;0;0;0;0;0;0;0;0;0;0;0;0;0
0;0;0;0;0;0;0;0;0;0;0;0;0;0;0;0;0.00716805;0;0
0;0;0;0;0;0;0;0;0;0;0;0;0;0;0;0.944046;0;0;0
0.000163882;0;0.000151557;0.000179707;0;0;0;9.00E-05;4.60E-05;2.00E-05;3.18E-05;5.57E-06;0.00064762;0.00498437;0.00382516;0;0;5.43E-05;0
0;0;0;0;0;0;0;0;0;0;0;0;0;0;0;0.89756;0;0;0
0;0;0;0;0;0;0;0;0;0;0;0;0;0;0;0;0;0;0
0;0.905963;0;0;0;0;0;0;0;0;0;0;0;0;0;0;0;0;0
0;0;0;0;0;0;0;0;0;0;0;0;0;0;0;0.821835;0;0;0
0;0;0;0;0;0;0;0;0;0;0;0;0;0;0;0;0;0;0.00138738
0;0;0;0;0;0;0;0;0;0;0;0;0;0;0;0;0;0;0
0;0;0;0;0;0;0;0;0;0;0;0;0;0;0;0;0.0140354;0;0
0;0;0;0;0;0;0;0;0;0;0;0;0;0;0;0.725226;0;0;0
0;0;0;0;0;0;0;0;0;0;0;0;0;0;0;0.624753;0;0;0
0;0.747951;0;0;0;0;0;0;0;0;0;0;0;0;0;0;0;0;0
0;0;0;0;0;0;0;0;0;0;0;0;0;0;0;0.507534;0;0;0
0;0;0;0;0;0;0;0;0;0;0;0;0;0;0;0;0;0;0.00246915
0;0;0;0;0;0;0;0;0;0;0;0;0;0;0;0;0.0287295;0;0
0;0;0;0;0;0;0;0;0;0;0;0;0;0;0;0.374478;0;0;0
0;0.537965;0;0;0;0;0;0;0;0;0;0;0;0;0;0;0;0;0
0;0;0;0;0;0;0;0;0;0;0;0;0;0;0;0.227633;0;0;0
0;0;0;0;0;0;0;0;0;0;0;0;0;0;0;0;0;0;0
0;0;0;0;0;0;0;0;0;0;0;0;0;0;0;0.112904;0;0;0
0;0;0;0;0;0;0;0;0;0;0;0;0;0;0;0;0;0;0.0032992
0;0;0;0;0;0;0;0;0;0;0;0;0;0;0;0;0.0638651;0;0
0;0;0;0;0;0;0;0;0;0;0;0;0;0;0;0.0547014;0;0;0
0;0.230191;0;0;0;0;0;0;0;0;0;0;0;0;0;0;0;0;0
0;0;0;0;0;0;0;0;0;0;0;0;0;0;0;0.0295694;0;0;0
5.33E-05;0;9.43E-05;7.63E-05;0;0;0;4.55E-05;2.61E-05;2.56E-05;1.87E-05;9.53E-06;0.000414696;0.00054015;0.000156606;0;0;0.000109354;0
0;0;0;0;0;0;0;0;0;0;0;0;0;0;0;0.0176688;0;0;0
0;0;0;0;0;0;0;0;0;0;0;0;0;0;0;0;0;0;0.00373277
0;0.133463;0;0;0;0;0;0;0;0;0;0;0;0;0;0;0;0;0
0;0;0;0;0;0;0;0;0;0;0;0;0;0;0;0;0.141549;0;0
0;0;0;0;0;0;0;0;0;0;0;0;0;0;0;0.0115852;0;0;0
0;0;0;0;0;0;0;0;0;0;0;0;0;0;0;0.0080226;0;0;0
0;0;0;0;0;0;0;0;0;0;0;0;0;0;0;0.00570772;0;0;0
0;0;0;0;0;0;0;0;0;0;0;0;0;0;0;0;0;0;0.00433887
0;0.0674524;0;0;0;0;0;0;0;0;0;0;0;0;0;0;0;0;0
0;0;0;0;0;0;0;0;0;0;0;0;0;0;0;0;0.299075;0;0
0;0;0;0;0;0;0;0;0;0;0;0;0;0;0;0.00415471;0;0;0
0;0;0;0;0;0;0;0;0;0;0;0;0;0;0;0;0;0;0
0;0;0;0;0;0;0;0;0;0;0;0;0;0;0;0.00296429;0;0;0
0;0.0508459;0;0;0;0;0;0;0;0;0;0;0;0;0;0;0;0;0
0;0;0;0;0;0;0;0;0;0;0;0;0;0;0;0.00202834;0;0;0
0;0;0;0;0;0;0;0;0;0;0;0;0;0;0;0;0;0;0.00608017
0;0;0;0;0;0;0;0;0;0;0;0;0;0;0;0;0.536146;0;0
0;0;0;0;0;0;0;0;0;0;0;0;0;0;0;0.00131317;0;0;0
0;0;0;0;0;0;0;0;0;0;0;0;0;0;0;0.00079151;0;0;0
0;0.0368758;0;0;0;0;0;0;0;0;0;0;0;0;0;0;0;0;0
0;0;0;0;0;0;0;0;0;0;0;0;0;0;0;0.000506564;0;0;0
0;0;0;0;0;0;0;0;0;0;0;0;0;0;0;0;0;0;0.0102262
6.35E-05;0;7.71E-05;5.76E-05;0;0;0;1.56E-05;1.23E-05;3.34E-05;1.87E-05;5.24E-06;0.000379999;0.000429834;0.000110504;0;0;0.000165201;0
0;0;0;0;0;0;0;0;0;0;0;0;0;0;0;0;0.781357;0;0
0;0;0;0;0;0;0;0;0;0;0;0;0;0;0;0.000271489;0;0;0
0;0.03086;0;0;0;0;0;0;0;0;0;0;0;0;0;0;0;0;0
0;0;0;0;0;0;0;0;0;0;0;0;0;0;0;0.000139951;0;0;0
0;0;0;0;0;0;0;0;0;0;0;0;0;0;0;0;0;0;0.0179884
0;0;0;0;0;0;0;0;0;0;0;0;0;0;0;0;0.932649;0;0
0;0;0;0;0;0;0;0;0;0;0;0;0;0;0;0;0;0;0
0;0.022257;0;0;0;0;0;0;0;0;0;0;0;0;0;0;0;0;0
0;0;0;0;0;0;0;0;0;0;0;0;0;0;0;0;0;0;0
0;0;0;0;0;0;0;0;0;0;0;0;0;0;0;0;0;0;0
0;0;0;0;0;0;0;0;0;0;0;0;0;0;0;0;0;0;0.0313845
0;0.0170015;0;0;0;0;0;0;0;0;0;0;0;0;0;0;0;0;0
0;0;0;0;0;0;0;0;0;0;0;0;0;0;0;0;0.978567;0;0
0;0;0;0;0;0;0;0;0;0;0;0;0;0;0;0;0;0;0
0;0;0;0;0;0;0;0;0;0;0;0;0;0;0;0;0;0;0.0492473
0;0.00998963;0;0;0;0;0;0;0;0;0;0;0;0;0;0;0;0;0
0;0;0;0;0;0;0;0;0;0;0;0;0;0;0;0;0.991874;0;0
0;0;0;0;0;0;0;0;0;0;0;0;0;0;0;0;0;0;0
0;0;0;0;0;0;0;0;0;0;0;0;0;0;0;0;0;0;0
5.14E-05;0;7.07E-05;2.88E-05;0;0;0;1.72E-05;1.68E-05;3.26E-05;1.85E-05;4.56E-06;0.000313011;0.000362876;5.38E-05;0.000283096;0;0.000138523;0
0;0;0;0;0;0;0;0;0;0;0;0;0;0;0;0;0;0;0
0;0.00775458;0;0;0;0;0;0;0;0;0;0;0;0;0;0;0;0;0
0;0;0;0;0;0;0;0;0;0;0;0;0;0;0;0;0;0;0
0;0;0;0;0;0;0;0;0;0;0;0;0;0;0;0;0;0;0.0744332
0;0;0;0;0;0;0;0;0;0;0;0;0;0;0;0;1;0;0
0;0;0;0;0;0;0;0;0;0;0;0;0;0;0;0;0;0;0.119953
0;0;0;0;0;0;0;0;0;0;0;0;0;0;0;0;0;0;0
0;0;0;0;0;0;0;0;0;0;0;0;0;0;0;0;0;0;0
0;0;0;0;0;0;0;0;0;0;0;0;0;0;0;0;0.995018;0;0
0;0;0;0;0;0;0;0;0;0;0;0;0;0;0;0;0;0;0
0;0;0;0;0;0;0;0;0;0;0;0;0;0;0;0;0;0;0
0;0;0;0;0;0;0;0;0;0;0;0;0;0;0;0;0;0;0.210168
0;0;0;0;0;0;0;0;0;0;0;0;0;0;0;0;0.985953;0;0
0;0;0;0;0;0;0;0;0;0;0;0;0;0;0;0;0;0;0
6.45E-05;0.00477509;7.36E-05;3.78E-05;0;0;0;1.26E-05;1.77E-05;3.68E-05;2.03E-05;1.03E-05;0.00039022;0.000398638;4.00E-05;0.000187054;0;0.000342517;0
0;0;0;0;0;0;0;0;0;0;0;0;0;0;0;0;0;0;0.365959
0;0;0;0;0;0;0;0;0;0;0;0;0;0;0;0;0.984673;0;0
0;0;0;0;0;0;0;0;0;0;0;0;0;0;0;0;0;0;0
0;0;0;0;0;0;0;0;0;0;0;0;0;0;0;0;0;0;0.557468
0;0;0;0;0;0;0;0;0;0;0;0;0;0;0;0;0.983359;0;0
0;0;0;0;0;0;0;0;0;0;0;0;0;0;0;0;0;0;0.710465
0;0;0;0;0;0;0;0;0;0;0;0;0;0;0;0;0.896885;0;0
0;0;0;0;0;0;0;0;0;0;0;0;0;0;0;0;0;0;0
0;0;0;0;0;0;0;0;0;0;0;0;0;0;0;0;0;0;0.790124
0;0;0;0;0;0;0;0;0;0;0;0;0;0;0;0;0;0;0
3.51E-05;0.00550343;5.84E-05;4.08E-05;0;0;0;1.09E-05;1.48E-05;2.82E-05;2.15E-05;1.29E-05;0.000716057;0.000470914;3.21E-05;0.000100899;0;0.00631466;0
0;0;0;0;0;0;0;0;0;0;0;0;0;0;0;0;0.657037;0;0
0;0;0;0;0;0;0;0;0;0;0;0;0;0;0;0;0;0.00260296;0
0;0;0;0;0;0;0;0;0;0;0;0;0;0;0;0;0;0.00811997;0
0;0;0;0;0;0;0;0;0;0;0;0;0;0;0;0;0;0;0.834156
0;0;0;0;0;0;0;0;0;0;0;0;0;0;0;0;0.349541;0.020514;0
0;0;0;0;0;0;0;0;0;0;0;0;0;0;0;0;0;0.0466882;0
0;0;0;0;0;0;0;0;0;0;0;0;0;0;0;0;0;0.0968849;0
0;0;0;0;0;0;0;0;0;0;0;0;0;0;0;0;0;0;0.874839
0;0;0;0;0;0;0;0;0;0;0;0;0;0;0;0;0.150066;0.176443;0
0;0;0;0;0;0;0;0;0;0;0;0;0;0;0;0;0;0.283054;0
0;0;0;0;0;0;0;0;0;0;0;0;0;0;0;0;0;0.40788;0
0;0;0;0;0;0;0;0;0;0;0;0;0;0;0;0;0;0;0.908208
0;0;0;0;0;0;0;0;0;0;0;0;0;0;0;0;0;0;0
0;0;0;0;0;0;0;0;0;0;0;0;0;0;0;0;0.0696377;0.5397;0
0;0;0;0;0;0;0;0;0;0;0;0;0;0;0;0;0;0;0
3.44E-05;0.00352123;6.47E-05;4.97E-05;0;0;0;8.61E-06;1.58E-05;1.45E-05;1.10E-05;1.13E-05;0.000338653;0.000465606;2.21E-05;5.30E-05;0;0;0
0;0;0;0;0;0;0;0;0;0;0;0;0;0;0;0;0;0.671584;0
0;0;0;0;0;0;0;0;0;0;0;0;0;0;0;0;0;0.795694;0
0;0;0;0;0;0;0;0;0;0;0;0;0;0;0;0;0;0;0.933493
0;0;0;0;0;0;0;0;0;0;0;0;0;0;0;0;0.0367187;0.895987;0
0;0;0;0;0;0;0;0;0;0;0;0;0;0;0;0;0;0;0
0;0;0;0;0;0;0;0;0;0;0;0;0;0;0;0;0;0;0
0;0;0;0;0;0;0;0;0;0;0;0;0;0;0;0;0;0.96191;0
0;0;0;0;0;0;0;0;0;0;0;0;0;0;0;0;0;0.99259;0
0;0;0;0;0;0;0;0;0;0;0;0;0;0;0;0;0;0;0.963159
0;0;0;0;0;0;0;0;0;0;0;0;0;0;0;0;0.0197457;1;0
0;0;0;0;0;0;0;0;0;0;0;0;0;0;0;0;0;0.995637;0
0;0;0;0;0;0;0;0;0;0;0;0;0;0;0;0;0;0;0
0;0;0;0;0;0;0;0;0;0;0;0;0;0;0;0;0;0.982598;0
0;0;0;0;0;0;0;0;0;0;0;0;0;0;0;0;0;0;0.988785
0;0;0;0;0;0;0;0;0;0;0;0;0;0;0;0;0.0101436;0.952544;0
0;0;0;0;0;0;0;0;0;0;0;0;0;0;0;0;0;0;0
0;0;0;0;0;0;0;0;0;0;0;0;0;0;0;0;0;0.895022;0
0;0;0;0;0;0;0;0;0;0;0;0;0;0;0;0;0;0;0
0;0;0;0;0;0;0;0;0;0;0;0;0;0;0;0;0;0;0
3.32E-05;0.00129277;9.03E-05;5.04E-05;0;0;0;2.76E-05;1.75E-05;1.52E-05;2.06E-05;1.68E-05;0.000277349;0.000405742;2.20E-05;4.06E-05;0;0;0
0;0;0;0;0;0;0;0;0;0;0;0;0;0;0;0;0;0.800844;0
0;0;0;0;0;0;0;0;0;0;0;0;0;0;0;0;0;0;1
0;0;0;0;0;0;0;0;0;0;0;0;0;0;0;0;0;0.677737;0
0;0;0;0;0;0;0;0;0;0;0;0;0;0;0;0;0.00500915;0;0
0;0;0;0;0;0;0;0;0;0;0;0;0;0;0;0;0;0;0
0;0;0;0;0;0;0;0;0;0;0;0;0;0;0;0;0;0.538162;0
0;0;0;0;0;0;0;0;0;0;0;0;0;0;0;0;0;0.39978;0
0;0;0;0;0;0;0;0;0;0;0;0;0;0;0;0;0;0;0.995003
0;0;0;0;0;0;0;0;0;0;0;0;0;0;0;0;0;0.271567;0
0;0;0;0;0;0;0;0;0;0;0;0;0;0;0;0;0.00282929;0;0
0;0;0;0;0;0;0;0;0;0;0;0;0;0;0;0;0;0;0
0;0;0;0;0;0;0;0;0;0;0;0;0;0;0;0;0;0.160349;0
0;0;0;0;0;0;0;0;0;0;0;0;0;0;0;0;0;0.0801314;0
0;0;0;0;0;0;0;0;0;0;0;0;0;0;0;0;0;0;0.986899
0;0;0;0;0;0;0;0;0;0;0;0;0;0;0;0;0;0;0
0;0;0;0;0;0;0;0;0;0;0;0;0;0;0;0;0.00185772;0.034489;0
0;0;0;0;0;0;0;0;0;0;0;0;0;0;0;0;0;0.0141569;0
0;0;0;0;0;0;0;0;0;0;0;0;0;0;0;0;0;0;0
0;0;0;0;0;0;0;0;0;0;0;0;0;0;0;0;0;0.00514307;0
0;0;0;0;0;0;0;0;0;0;0;0;0;0;0;0;0;0;0.957158
0;0;0;0;0;0;0;0;0;0;0;0;0;0;0;0;0;0;0
7.76E-05;0.00294685;8.40E-05;5.70E-05;0;0;0;2.72E-05;8.81E-06;6.23E-06;1.52E-05;9.83E-06;0.000288153;0.000345988;9.16E-06;7.49E-05;0;0;0
0;0;0;0;0;0;0;0;0;0;0;0;0;0;0;0;0.00139462;0.00181415;0
0;0;0;0;0;0;0;0;0;0;0;0;0;0;0;0;0;0;0.866557
0;0;0;0;0;0;0;0;0;0;0;0;0;0;0;0;0;0;0
0;0;0;0;0;0;0;0;0;0;0;0;0;0;0;0;0;0;0.710571
0;0;0;0;0;0;0;0;0;0;0;0;0;0;0;0;0;0;0.523736
8.88E-05;0.00218502;8.74E-05;5.29E-05;0;0;0;2.44E-05;1.74E-05;8.51E-06;1.07E-05;9.05E-06;0.000356459;0.000332874;8.32E-06;8.30E-05;0.0012781;0.000328852;0
0;0;0;0;0;0;0;0;0;0;0;0;0;0;0;0;0;0;0
0;0;0;0;0;0;0;0;0;0;0;0;0;0;0;0;0;0;0.355433
0;0;0;0;0;0;0;0;0;0;0;0;0;0;0;0;0;0;0
0;0;0;0;0;0;0;0;0;0;0;0;0;0;0;0;0;0;0
0;0;0;0;0;0;0;0;0;0;0;0;0;0;0;0;0;0;0.22512
0;0;0;0;0;0;0;0;0;0;0;0;0;0;0;0;0;0;0
0;0;0;0;0;0;0;0;0;0;0;0;0;0;0;0;0;0;0
0;0;0;0;0;0;0;0;0;0;0;0;0;0;0;0;0;0;0.135065
0;0;0;0;0;0;0;0;0;0;0;0;0;0;0;0;0;0;0
0.000139009;0.00188737;0.000118499;7.57E-05;0;0;0;2.70E-05;1.50E-05;7.09E-06;1.34E-05;4.68E-06;0.000184447;0.000259072;5.64E-06;0.000148341;0.000675349;8.01E-05;0
0;0;0;0;0;0;0;0;0;0;0;0;0;0;0;0;0;0;0.0778813
0;0;0;0;0;0;0;0;0;0;0;0;0;0;0;0;0;0;0
0;0;0;0;0;0;0;0;0;0;0;0;0;0;0;0;0;0;0
0;0;0;0;0;0;0;0;0;0;0;0;0;0;0;0;0;0;0
0;0;0;0;0;0;0;0;0;0;0;0;0;0;0;0;0;0;0.0456242
0;0;0;0;0;0;0;0;0;0;0;0;0;0;0;0;0;0;0
0;0;0;0;0;0;0;0;0;0;0;0;0;0;0;0;0;0;0
0;0;0;0;0;0;0;0;0;0;0;0;0;0;0;0;0;0;0
0;0;0;0;0;0;0;0;0;0;0;0;0;0;0;0;0;0;0.0289594
0;0;0;0;0;0;0;0;0;0;0;0;0;0;0;0;0;0;0
0;0;0;0;0;0;0;0;0;0;0;0;0;0;0;0;0;0;0
0;0;0;0;0;0;0;0;0;0;0;0;0;0;0;0;0;0;0.0204673
4.80E-05;0.00200623;6.29E-05;6.46E-05;0;0;0;3.12E-05;1.14E-05;6.48E-06;9.59E-06;5.77E-06;0.000150656;0.000218223;9.62E-06;0.000208409;0.00058151;3.70E-05;0
0;0;0;0;0;0;0;0;0;0;0;0;0;0;0;0;0;0;0
0;0;0;0;0;0;0;0;0;0;0;0;0;0;0;0;0;0;0
0;0;0;0;0;0;0;0;0;0;0;0;0;0;0;0;0;0;0.0158911
0;0;0;0;0;0;0;0;0;0;0;0;0;0;0;0;0;0;0
0;0;0;0;0;0;0;0;0;0;0;0;0;0;0;0;0;0;0
0;0;0;0;0;0;0;0;0;0;0;0;0;0;0;0;0;0;0
0;0;0;0;0;0;0;0;0;0;0;0;0;0;0;0;0;0;0
0;0;0;0;0;0;0;0;0;0;0;0;0;0;0;0;0;0;0
0;0;0;0;0;0;0;0;0;0;0;0;0;0;0;0;0;0;0.0129311
0;0;0;0;0;0;0;0;0;0;0;0;0;0;0;0;0;0;0
0;0;0;0;0;0;0;0;0;0;0;0;0;0;0;0;0;0;0.0103355
0;0;0;0;0;0;0;0;0;0;0;0;0;0;0;0;0;0;0
3.38E-05;9.24E-05;4.32E-05;4.67E-05;0;0;0;1.48E-05;1.00E-05;6.89E-06;1.16E-05;4.77E-06;0.000155525;0.000209644;5.03E-06;0.000125084;0.000362182;2.56E-05;0
0;0;0;0;0;0;0;0;0;0;0;0;0;0;0;0;0;0;0
0;0;0;0;0;0;0;0;0;0;0;0;0;0;0;0;0;0;0
0;0;0;0;0;0;0;0;0;0;0;0;0;0;0;0;0;0;0
0;0;0;0;0;0;0;0;0;0;0;0;0;0;0;0;0;0;0
0;0;0;0;0;0;0;0;0;0;0;0;0;0;0;0;0;0;0.00772749
0;0;0;0;0;0;0;0;0;0;0;0;0;0;0;0;0;0;0
0;0;0;0;0;0;0;0;0;0;0;0;0;0;0;0;0;0;0
0;0;0;0;0;0;0;0;0;0;0;0;0;0;0;0;0;0;0.00555292
0;0;0;0;0;0;0;0;0;0;0;0;0;0;0;0;0;0;0
0;0;0;0;0;0;0;0;0;0;0;0;0;0;0;0;0;0;0
0;0;0;0;0;0;0;0;0;0;0;0;0;0;0;0;0;0;0
0;0;0;0;0;0;0;0;0;0;0;0;0;0;0;0;0;0;0
0;0;0;0;0;0;0;0;0;0;0;0;0;0;0;0;0;0;0.00377608
0;0;0;0;0;0;0;0;0;0;0;0;0;0;0;0;0;0;0
0;0;0;0;0;0;0;0;0;0;0;0;0;0;0;0;0;0;0
0;0;0;0;0;0;0;0;0;0;0;0;0;0;0;0;0;0;0
3.27E-05;6.44E-05;5.74E-05;4.69E-05;0;0;0;1.68E-05;9.66E-06;5.23E-06;7.33E-06;3.94E-06;0.000268848;0.000190268;7.17E-06;9.99E-05;0.000423911;4.04E-05;0
0;0;0;0;0;0;0;0;0;0;0;0;0;0;0;0;0;0;0.00259656
0;0;0;0;0;0;0;0;0;0;0;0;0;0;0;0;0;0;0.00191091
0;0;0;0;0;0;0;0;0;0;0;0;0;0;0;0;0;0;0.0015974
0;0;0;0;0;0;0;0;0;0;0;0;0;0;0;0;0;0;0.00148869
4.12E-05;8.82E-05;2.87E-05;3.55E-05;0;0;0;7.55E-06;1.64E-05;5.75E-06;7.21E-06;7.06E-06;7.61E-05;0.000136053;4.09E-06;0.000129476;0.000381458;1.90E-05;0
0;0;0;0;0;0;0;0;0;0;0;0;0;0;0;0;0;0;0.00148732
0;0;0;0;0;0;0;0;0;0;0;0;0;0;0;0;0;0;0.00151618
5.93E-05;8.12E-05;5.06E-05;6.18E-05;0;0;0;3.09E-05;1.44E-05;3.45E-06;8.21E-06;5.61E-06;6.71E-05;0.000127374;5.05E-06;0.000278277;0.00045003;5.15E-05;0.00181252
6.13E-05;7.90E-05;4.23E-05;4.64E-05;0;0;0;9.48E-06;1.36E-05;9.13E-06;1.04E-05;3.99E-06;0.000275005;0.0002378;4.58E-06;0.000161826;0.000512839;5.09E-05;0.000864731
5.36E-05;0.000279722;3.85E-05;6.04E-05;0;0;0;1.16E-05;1.85E-05;1.07E-05;9.65E-06;3.25E-06;8.28E-05;0.000136736;9.39E-06;0.000307667;0.000529104;3.83E-05;0.000679166
6.06E-05;8.73E-05;8.53E-05;9.76E-05;0;0;0;3.36E-05;3.23E-05;1.19E-05;8.53E-06;8.68E-06;5.90E-05;0.000180565;8.02E-06;0.000211423;0.000261951;6.00E-05;0.00127365
7.26E-05;9.06E-05;6.37E-05;5.23E-05;0;0;0;2.06E-05;2.17E-05;9.31E-06;8.98E-06;6.03E-06;4.87E-05;0.000789037;8.33E-06;0.000187154;6.45E-05;7.30E-05;0.000915256
7.03E-05;0.000123485;7.83E-05;8.69E-05;0;0;0;3.68E-05;1.40E-05;1.11E-05;7.52E-06;9.31E-06;6.71E-05;6.96E-05;1.32E-05;0.000184347;7.39E-05;0.000458573;0.00165244
7.90E-05;0.000201437;0.000105559;0.000117684;0;0;0;2.48E-05;2.59E-05;1.77E-05;1.99E-05;5.86E-06;9.13E-05;5.91E-05;1.85E-05;0.000373871;0.000150047;0.000198642;0.000559615
9.24E-05;0.000254824;0.000125489;0.000147165;0;0;0;5.27E-05;5.18E-05;2.23E-05;1.02E-05;1.16E-05;0.00010255;7.38E-05;2.60E-05;0.000678731;0.000182747;0.000721875;0.000206005
0.000126032;0.00025243;0.00016521;0.000177797;1.62E-05;4.84E-06;4.06E-06;0.000100952;6.21E-05;3.12E-05;3.83E-05;3.03E-05;6.09E-05;0.000169307;2.46E-05;0.00030072;0.000307645;0.000165722;0.000213159
0;0;0;0;0;0;0;0;0;0;0;0;0;0;0;0;0;0;0
0;0;0;0;0;0;0;0;0;0;0;0;0;0;0;0;0;0;0
0;0;0;0;0;0;0;0;0;0;0;0;0;0;0;0;0;0;0
0;0;0;0;0;0;0;0;0;0;0;0;0;0;0;0;0;0;0
0;0;0;0;0;0;0;0;0;0;0;0;0;0;0;0;0;0;0
0;0;0;0;2.37E-05;1.61E-06;1.02E-06;0;0;0;0;0;0;0;0;0;0;0;0
0;0;0;0;0;0;0;0;0;0;0;0;0;0;0;0;0;0;0
0;0;0;0;0;0;0;0;0;0;0;0;0;0;0;0;0;0;0
0;0;0;0;0;0;0;0;0;0;0;0;0;0;0;0;0;0;0
0;0;0;0;0.000258986;1.86E-06;1.02E-06;0;0;0;0;0;0;0;0;0;0;0;0
0;0;0;0;0;0;0;0;0;0;0;0;0;0;0;0;0;0;0
0;0;0;0;6.50E-05;0;0;0;0;0;0;0;0;0;0;0;0;0;0
0;0;0;0;8.15E-05;0;0;0;0;0;0;0;0;0;0;0;0;0;0
0;0;0;0;0;0;0;0;0;0;0;0;0;0;0;0;0;0;0
0;0;0;0;0.000143079;0;0;0;0;0;0;0;0;0;0;0;0;0;0
0;0;0;0;0.000187813;0;0;0;0;0;0;0;0;0;0;0;0;0;0
0;0;0;0;0;0;0;0;0;0;0;0;0;0;0;0;0;0;0
0;0;0;0;0.000339769;0;0;0;0;0;0;0;0;0;0;0;0;0;0
0;0;0;0;0;0;0;0;0;0;0;0;0;0;0;0;0;0;0
0;0;0;0;0.00045087;0;0;0;0;0;0;0;0;0;0;0;0;0;0
0;0;0;0;0.000743413;0;0;0;0;0;0;0;0;0;0;0;0;0;0
0;0;0;0;0.00111233;0;0;0;0;0;0;0;0;0;0;0;0;0;0
0;0;0;0;0.00215808;0;0;0;0;0;0;0;0;0;0;0;0;0;0
0;0;0;0;0.00304024;0;0;0;0;0;0;0;0;0;0;0;0;0;0
0;0;0;0;0.00560942;0;0;0;0;0;0;0;0;0;0;0;0;0;0
0;0;0;0;0.00777441;0;0;0;0;0;0;0;0;0;0;0;0;0;0
0;0;0;0;0.0139018;0;0;0;0;0;0;0;0;0;0;0;0;0;0
0;0;0;0;0.0187724;0;0;0;0;0;0;0;0;0;0;0;0;0;0
0;0;0;0;0.0321479;0;0;0;0;0;0;0;0;0;0;0;0;0;0
0;0;0;0;0.0426703;0;0;0;0;0;0;0;0;0;0;0;0;0;0
0;0;0;0;0;4.34E-05;2.03E-06;0;0;0;0;0;0;0;0;0;0;0;0
0;0;0;0;0.0708867;0;0;0;0;0;0;0;0;0;0;0;0;0;0
0;0;0;0;0.0937679;0;0;0;0;0;0;0;0;0;0;0;0;0;0
0;0;0;0;0;0;0;0;0;0;0;0;0;0;0;0;0;0;0
0;0;0;0;0;0;0;0;0;0;0;0;0;0;0;0;0;0;0
0;0;0;0;0.154784;0;0;0;0;0;0;0;0;0;0;0;0;0;0
0;0;0;0;0.200808;0;0;0;0;0;0;0;0;0;0;0;0;0;0
0;0;0;0;0.313708;0;0;0;0;0;0;0;0;0;0;0;0;0;0
0;0;0;0;0.383924;0;0;0;0;0;0;0;0;0;0;0;0;0;0
0;0;0;0;0.527227;0;0;0;0;0;0;0;0;0;0;0;0;0;0
0;0;0;0;0.596294;0;0;0;0;0;0;0;0;0;0;0;0;0;0
0;0;0;0;0.729626;0;0;0;0;0;0;0;0;0;0;0;0;0;0
0;0;0;0;0.785996;0;0;0;0;0;0;0;0;0;0;0;0;0;0
0;0;0;0;0.871779;0;0;0;0;0;0;0;0;0;0;0;0;0;0
0;0;0;0;0.899536;0;0;0;0;0;0;0;0;0;0;0;0;0;0
0;0;0;0;0.947142;0;0;0;0;0;0;0;0;0;0;0;0;0;0
0;0;0;0;0;0;0;0;0;0;0;0;0;0;0;0;0;0;0
0;0;0;0;0.966143;0;0;0;0;0;0;0;0;0;0;0;0;0;0
0;0;0;0;0.995624;0;0;0;0;0;0;0;0;0;0;0;0;0;0
0;0;0;0;0;0;0;0;0;0;0;0;0;0;0;0;0;0;0
0;0;0;0;1;0;0;0;0;0;0;0;0;0;0;0;0;0;0
0;0;0;0;0;0;0;0;0;0;0;0;0;0;0;0;0;0;0
0;0;0;0;0.994091;0;0;0;0;0;0;0;0;0;0;0;0;0;0
0;0;0;0;0.977992;0;0;0;0;0;0;0;0;0;0;0;0;0;0
0;0;0;0;0.917341;0;0;0;0;0;0;0;0;0;0;0;0;0;0
0;0;0;0;0.860936;0;0;0;0;0;0;0;0;0;0;0;0;0;0
0;0;0;0;0.71745;0;0;0;0;0;0;0;0;0;0;0;0;0;0
0;0;0;0;0.632326;0;0;0;0;0;0;0;0;0;0;0;0;0;0
0;0;0;0;0.458389;0;0;0;0;0;0;0;0;0;0;0;0;0;0
0;0;0;0;0.375542;0;0;0;0;0;0;0;0;0;0;0;0;0;0
0;0;0;0;0.233188;0;0;0;0;0;0;0;0;0;0;0;0;0;0
0;0;0;0;0.185368;0;0;0;0;0;0;0;0;0;0;0;0;0;0
0;0;0;0;0;0;0;0;0;0;0;0;0;0;0;0;0;0;0
0;0;0;0;0;0.000424505;4.06E-06;0;0;0;0;0;0;0;0;0;0;0;0
0;0;0;0;0.113761;0;0;0;0;0;0;0;0;0;0;0;0;0;0
0;0;0;0;0.0912707;0;0;0;0;0;0;0;0;0;0;0;0;0;0
0;0;0;0;0.0568746;0;0;0;0;0;0;0;0;0;0;0;0;0;0
0;0;0;0;0;0;0;0;0;0;0;0;0;0;0;0;0;0;0
0;0;0;0;0.0454563;0;0;0;0;0;0;0;0;0;0;0;0;0;0
0;0;0;0;0.0287779;0;0;0;0;0;0;0;0;0;0;0;0;0;0
0;0;0;0;0.0237454;0;0;0;0;0;0;0;0;0;0;0;0;0;0
0;0;0;0;0.016255;0;0;0;0;0;0;0;0;0;0;0;0;0;0
0;0;0;0;0.0144027;0;0;0;0;0;0;0;0;0;0;0;0;0;0
0;0;0;0;0;0;0;0;0;0;0;0;0;0;0;0;0;0;0
0;0;0;0;0;0;0;0;0;0;0;0;0;0;0;0;0;0;0
0;0;0;0;0;0;0;0;0;0;0;0;0;0;0;0;0;0;0
0;0;0;0;0.000658991;0.00259219;8.13E-06;0;0;0;0;0;0;0;0;0;0;0;0
0;0;0;0;0;0;0;0;0;0;0;0;0;0;0;0;0;0;0
0;0;0;0;0;0;0;0;0;0;0;0;0;0;0;0;0;0;0
0;0;0;0;0;0;0;0;0;0;0;0;0;0;0;0;0;0;0
0;0;0;0;0;0;0;0;0;0;0;0;0;0;0;0;0;0;0
0;0;0;0;0;0;0;0;0;0;0;0;0;0;0;0;0;0;0
0;0;0;0;0;0;0;0;0;0;0;0;0;0;0;0;0;0;0
0;0;0;0;0;0;0;0;0;0;0;0;0;0;0;0;0;0;0
0;0;0;0;0;0;0;0;0;0;0;0;0;0;0;0;0;0;0
0;0;0;0;0;0;0;0;0;0;0;0;0;0;0;0;0;0;0
0;0;0;0;0;0;0;0;0;0;0;0;0;0;0;0;0;0;0
0;0;0;0;0;0;0;0;0;0;0;0;0;0;0;0;0;0;0
0;0;0;0;0;0;0;0;0;0;0;0;0;0;0;0;0;0;0
0;0;0;0;4.98E-06;1.46E-06;3.15E-05;0;0;0;0;0;0;0;0;0;0;0;0
0;0;0;0;0;0;0;0;0;0;0;0;0;0;0;0;0;0;0
0;0;0;0;0;0;0;0;0;0;0;0;0;0;0;0;0;0;0
0;0;0;0;0;0;0;0;0;0;0;0;0;0;0;0;0;0;0
0;0;0;0;0;0;0;0;0;0;0;0;0;0;0;0;0;0;0
0;0;0;0;0;0;0;0;0;0;0;0;0;0;0;0;0;0;0
0;0;0;0;0;0;0;0;0;0;0;0;0;0;0;0;0;0;0
0;0;0;0;0;0;0;0;0;0;0;0;0;0;0;0;0;0;0
0;0;0;0;0;0;0;0;0;0;0;0;0;0;0;0;0;0;0
0;0;0;0;0;0;0;0;0;0;0;0;0;0;0;0;0;0;0
0;0;0;0;0;0;0;0;0;0;0;0;0;0;0;0;0;0;0
0;0;0;0;0;0;0;0;0;0;0;0;0;0;0;0;0;0;0
0;0;0;0;0;0;0;0;0;0;0;0;0;0;0;0;0;0;0
0;0;0;0;0;0;0;0;0;0;0;0;0;0;0;0;0;0;0
0;0;0;0;0;0;0;0;0;0;0;0;0;0;0;0;0;0;0
0;0;0;0;0;0;0;0;0;0;0;0;0;0;0;0;0;0;0
0;0;0;0;0;0;0;0;0;0;0;0;0;0;0;0;0;0;0
0;0;0;0;0;0;0;0;0;0;0;0;0;0;0;0;0;0;0
0;0;0;0;0;0;0;0;0;0;0;0;0;0;0;0;0;0;0
0;0;0;0;0;0;0;0;0;0;0;0;0;0;0;0;0;0;0
0;0;0;0;0;0;0;0;0;0;0;0;0;0;0;0;0;0;0
0;0;0;0;0;0;0;0;0;0;0;0;0;0;0;0;0;0;0
0;0;0;0;0;0;0;0;0;0;0;0;0;0;0;0;0;0;0
0;0;0;0;0;0;0;0;0;0;0;0;0;0;0;0;0;0;0
0;0;0;0;0;0;0;0;0;0;0;0;0;0;0;0;0;0;0
0;0;0;0;0;0;0;0;0;0;0;0;0;0;0;0;0;0;0
0;0;0;0;0;0;0;0;0;0;0;0;0;0;0;0;0;0;0
0;0;0;0;0;0;0;0;0;0;0;0;0;0;0;0;0;0;0
0;0;0;0;0;0;0;0;0;0;0;0;0;0;0;0;0;0;0
0;0;0;0;0;0;0;0;0;0;0;0;0;0;0;0;0;0;0
0;0;0;0;0;0;0;0;0;0;0;0;0;0;0;0;0;0;0
0;0;0;0;0;0;0;0;0;0;0;0;0;0;0;0;0;0;0
0;0;0;0;0;0;0;0;0;0;0;0;0;0;0;0;0;0;0
0;0;0;0;0;0;0;0;0;0;0;0;0;0;0;0;0;0;0
0;0;0;0;0;0;0;0;0;0;0;0;0;0;0;0;0;0;0
0;0;0;0;0;0;0;0;0;0;0;0;0;0;0;0;0;0;0
0;0;0;0;0;0;0;0;0;0;0;0;0;0;0;0;0;0;0
0;0;0;0;0;0;0;0;0;0;0;0;0;0;0;0;0;0;0
0;0;0;0;0;0;0;0;0;0;0;0;0;0;0;0;0;0;0
0;0;0;0;0;0;0;0;0;0;0;0;0;0;0;0;0;0;0
0;0;0;0;0;0;0;0;0;0;0;0;0;0;0;0;0;0;0
0;0;0;0;0;0;0;0;0;0;0;0;0;0;0;0;0;0;0
0;0;0;0;0;0;0;0;0;0;0;0;0;0;0;0;0;0;0
0;0;0;0;0;0;0;0;0;0;0;0;0;0;0;0;0;0;0
0;0;0;0;0;0;0;0;0;0;0;0;0;0;0;0;0;0;0
0;0;0;0;0;0;0;0;0;0;0;0;0;0;0;0;0;0;0
0;0;0;0;0;0;0;0;0;0;0;0;0;0;0;0;0;0;0
0;0;0;0;2.70E-05;8.27E-06;1.93E-05;0;0;0;0;0;0;0;0;0;0;0;0
0;0;0;0;0;0;0;0;0;0;0;0;0;0;0;0;0;0;0
0;0;0;0;0;0;0;0;0;0;0;0;0;0;0;0;0;0;0
0;0;0;0;0;0;0;0;0;0;0;0;0;0;0;0;0;0;0
0;0;0;0;0;0;0;0;0;0;0;0;0;0;0;0;0;0;0
0;0;0;0;0;0;0;0;0;0;0;0;0;0;0;0;0;0;0
0;0;0;0;0;0;0;0;0;0;0;0;0;0;0;0;0;0;0
0;0;0;0;0;0;0;0;0;0;0;0;0;0;0;0;0;0;0
0;0;0;0;0;0;0;0;0;0;0;0;0;0;0;0;0;0;0
0;0;0;0;0;0;0;0;0;0;0;0;0;0;0;0;0;0;0
0;0;0;0;0;0;0;0;0;0;0;0;0;0;0;0;0;0;0
0;0;0;0;0;0;0;0;0;0;0;0;0;0;0;0;0;0;0
0;0;0;0;0;0;0;0;0;0;0;0;0;0;0;0;0;0;0
0;0;0;0;0;0;0;0;0;0;0;0;0;0;0;0;0;0;0
0;0;0;0;0;0;0;0;0;0;0;0;0;0;0;0;0;0;0
0;0;0;0;0;0;0;0;0;0;0;0;0;0;0;0;0;0;0
0;0;0;0;0;0;0;0;0;0;0;0;0;0;0;0;0;0;0
0;0;0;0;0;0;0;0;0;0;0;0;0;0;0;0;0;0;0
0;0;0;0;0;0;0;0;0;0;0;0;0;0;0;0;0;0;0
0;0;0;0;0;0;0;0;0;0;0;0;0;0;0;0;0;0;0
0;0;0;0;0;0;0;0;0;0;0;0;0;0;0;0;0;0;0
0;0;0;0;0;0;0;0;0;0;0;0;0;0;0;0;0;0;0
0;0;0;0;0;0;0;0;0;0;0;0;0;0;0;0;0;0;0
0;0;0;0;0;0;0;0;0;0;0;0;0;0;0;0;0;0;0
0;0;0;0;0;0;0;0;0;0;0;0;0;0;0;0;0;0;0
0;0;0;0;0;0;0;0;0;0;0;0;0;0;0;0;0;0;0
0;0;0;0;0;0;0;0;0;0;0;0;0;0;0;0;0;0;0
0;0;0;0;0;0;0;0;0;0;0;0;0;0;0;0;0;0;0
0;0;0;0;0;0;0;0;0;0;0;0;0;0;0;0;0;0;0
0;0;0;0;0;0;0;0;0;0;0;0;0;0;0;0;0;0;0
0;0;0;0;0;0;0;0;0;0;0;0;0;0;0;0;0;0;0
0;0;0;0;0;0;0;0;0;0;0;0;0;0;0;0;0;0;0
0;0;0;0;0;0;0;0;0;0;0;0;0;0;0;0;0;0;0
0;0;0;0;0;0;0;0;0;0;0;0;0;0;0;0;0;0;0
0;0;0;0;0;0;0;0;0;0;0;0;0;0;0;0;0;0;0
0;0;0;0;0;0;0;0;0;0;0;0;0;0;0;0;0;0;0
0;0;0;0;0;0;0;0;0;0;0;0;0;0;0;0;0;0;0
0;0;0;0;0;0;0;0;0;0;0;0;0;0;0;0;0;0;0
0;0;0;0;0;0;0;0;0;0;0;0;0;0;0;0;0;0;0
0;0;0;0;0;0;0;0;0;0;0;0;0;0;0;0;0;0;0
0;0;0;0;0;0;0;0;0;0;0;0;0;0;0;0;0;0;0
0;0;0;0;0;0;0;0;0;0;0;0;0;0;0;0;0;0;0
0;0;0;0;0;0;0;0;0;0;0;0;0;0;0;0;0;0;0
0;0;0;0;0;0;0;0;0;0;0;0;0;0;0;0;0;0;0
0;0;0;0;0;0;0;0;0;0;0;0;0;0;0;0;0;0;0
0;0;0;0;0;0;0;0;0;0;0;0;0;0;0;0;0;0;0
0;0;0;0;2.12E-05;1.86E-06;1.83E-05;0;0;0;0;0;0;0;0;0;0;0;0
0;0;0;0;0;0;0;0;0;0;0;0;0;0;0;0;0;0;0
0;0;0;0;0;0;0;0;0;0;0;0;0;0;0;0;0;0;0
0;0;0;0;0;0;0;0;0;0;0;0;0;0;0;0;0;0;0
0;0;0;0;0;0;0;0;0;0;0;0;0;0;0;0;0;0;0
0;0;0;0;0.000165041;0.000186212;2.03E-06;0;0;0;0;0;0;0;0;0;0;0;0
0;0;0;0;0;0;0;0;0;0;0;0;0;0;0;0;0;0;0
0;0;0;0;0;0;0;0;0;0;0;0;0;0;0;0;0;0;0
0;0;0;0;0;0;0;0;0;0;0;0;0;0;0;0;0;0;0
0;0;0;0;0;0;0;0;0;0;0;0;0;0;0;0;0;0;0
0;0;0;0;0;0;0;0;0;0;0;0;0;0;0;0;0;0;0
0;0;0;0;9.84E-05;0.000502946;2.03E-06;0;0;0;0;0;0;0;0;0;0;0;0
0;0;0;0;0;0;0;0;0;0;0;0;0;0;0;0;0;0;0
0;0;0;0;0;0;0;0;0;0;0;0;0;0;0;0;0;0;0
0;0;0;0;0;0;0;0;0;0;0;0;0;0;0;0;0;0;0
0;0;0;0;0;0;0;0;0;0;0;0;0;0;0;0;0;0;0
0;0;0;0;0;0;0;0;0;0;0;0;0;0;0;0;0;0;0
0;0;0;0;0.000107456;0.000830951;1.02E-06;0;0;0;0;0;0;0;0;0;0;0;0
0;0;0;0;0;0;0;0;0;0;0;0;0;0;0;0;0;0;0
0;0;0;0;0;0;0;0;0;0;0;0;0;0;0;0;0;0;0
0;0;0;0;0;0.000441793;0;0;0;0;0;0;0;0;0;0;0;0;0
0;0;0;0;0.000173567;0;1.02E-06;0;0;0;0;0;0;0;0;0;0;0;0
0;0;0;0;0;0.000732878;0;0;0;0;0;0;0;0;0;0;0;0;0
0;0;0;0;0;0;0;0;0;0;0;0;0;0;0;0;0;0;0
0;0;0;0;0;0.00112474;0;0;0;0;0;0;0;0;0;0;0;0;0
0;0;0;0;0;0;0;0;0;0;0;0;0;0;0;0;0;0;0
0;0;0;0;0;0.00160214;0;0;0;0;0;0;0;0;0;0;0;0;0
0;0;0;0;0;0.00233662;0;0;0;0;0;0;0;0;0;0;0;0;0
0;0;0;0;0;0.00320507;0;0;0;0;0;0;0;0;0;0;0;0;0
0;0;0;0;0;0.00443914;0;0;0;0;0;0;0;0;0;0;0;0;0
0;0;0;0;0;0.0062634;0;0;0;0;0;0;0;0;0;0;0;0;0
0;0;0;0;0;0.00886922;0;0;0;0;0;0;0;0;0;0;0;0;0
0;0;0;0;0;0.0131824;0;0;0;0;0;0;0;0;0;0;0;0;0
0;0;0;0;0;0.0194619;0;0;0;0;0;0;0;0;0;0;0;0;0
0;0;0;0;0;0;0;0;0;0;0;0;0;0;0;0;0;0;0
0;0;0;0;0;0.0293144;0;0;0;0;0;0;0;0;0;0;0;0;0
0;0;0;0;0;0;0;0;0;0;0;0;0;0;0;0;0;0;0
0;0;0;0;0;0.0448646;0;0;0;0;0;0;0;0;0;0;0;0;0
0;0;0;0;0;0;0;0;0;0;0;0;0;0;0;0;0;0;0
0;0;0;0;0;0.0695292;0;0;0;0;0;0;0;0;0;0;0;0;0
0;0;0;0;0;0.107236;0;0;0;0;0;0;0;0;0;0;0;0;0
0;0;0;0;0;0.17026;0;0;0;0;0;0;0;0;0;0;0;0;0
0;0;0;0;0;0.26826;0;0;0;0;0;0;0;0;0;0;0;0;0
0;0;0;0;0;0.382627;0;0;0;0;0;0;0;0;0;0;0;0;0
0;0;0;0;0;0.532063;0;0;0;0;0;0;0;0;0;0;0;0;0
0;0;0;0;0;0.687942;0;0;0;0;0;0;0;0;0;0;0;0;0
0;0;0;0;0;0.82486;0;0;0;0;0;0;0;0;0;0;0;0;0
0;0;0;0;0.0034917;0;1.32E-05;0;0;0;0;0;0;0;0;0;0;0;0
0;0;0;0;0;0.935528;0;0;0;0;0;0;0;0;0;0;0;0;0
0;0;0;0;0;0;0;0;0;0;0;0;0;0;0;0;0;0;0
0;0;0;0;0;0.982867;0;0;0;0;0;0;0;0;0;0;0;0;0
0;0;0;0;0;0;0;0;0;0;0;0;0;0;0;0;0;0;0
0;0;0;0;0;0.99937;0;0;0;0;0;0;0;0;0;0;0;0;0
0;0;0;0;0;1;0;0;0;0;0;0;0;0;0;0;0;0;0
0;0;0;0;0;0.99529;0;0;0;0;0;0;0;0;0;0;0;0;0
0;0;0;0;0;0.987138;0;0;0;0;0;0;0;0;0;0;0;0;0
0;0;0;0;0;0.970963;0;0;0;0;0;0;0;0;0;0;0;0;0
0;0;0;0;0;0.939849;0;0;0;0;0;0;0;0;0;0;0;0;0
0;0;0;0;0;0.881859;0;0;0;0;0;0;0;0;0;0;0;0;0
0;0;0;0;0;0;0;0;0;0;0;0;0;0;0;0;0;0;0
0;0;0;0;0;0.798368;0;0;0;0;0;0;0;0;0;0;0;0;0
0;0;0;0;0;0.671905;0;0;0;0;0;0;0;0;0;0;0;0;0
0;0;0;0;0;0.537742;0;0;0;0;0;0;0;0;0;0;0;0;0
0;0;0;0;0;0;0;0;0;0;0;0;0;0;0;0;0;0;0
0;0;0;0;0;0.387614;0;0;0;0;0;0;0;0;0;0;0;0;0
0;0;0;0;0;0.266901;0;0;0;0;0;0;0;0;0;0;0;0;0
0;0;0;0;0;0.176987;0;0;0;0;0;0;0;0;0;0;0;0;0
0;0;0;0;0;0.116369;0;0;0;0;0;0;0;0;0;0;0;0;0
0;0;0;0;0;0.0745707;0;0;0;0;0;0;0;0;0;0;0;0;0
0;0;0;0;0;0.0457911;0;0;0;0;0;0;0;0;0;0;0;0;0
0;0;0;0;0;0.0277841;0;0;0;0;0;0;0;0;0;0;0;0;0
0;0;0;0;0;0;0;0;0;0;0;0;0;0;0;0;0;0;0
0;0;0;0;0;0.0173182;0;0;0;0;0;0;0;0;0;0;0;0;0
0;0;0;0;0.000400757;0;1.02E-06;0;0;0;0;0;0;0;0;0;0;0;0
0;0;0;0;0;0.0111427;0;0;0;0;0;0;0;0;0;0;0;0;0
0;0;0;0;0;0.00738431;0;0;0;0;0;0;0;0;0;0;0;0;0
0;0;0;0;0;0;0;0;0;0;0;0;0;0;0;0;0;0;0
0;0;0;0;0;0.00503164;0;0;0;0;0;0;0;0;0;0;0;0;0
0;0;0;0;0;0.00346678;0;0;0;0;0;0;0;0;0;0;0;0;0
0;0;0;0;0;0.00237861;0;0;0;0;0;0;0;0;0;0;0;0;0
0;0;0;0;0;0.0015234;0;0;0;0;0;0;0;0;0;0;0;0;0
0;0;0;0;0;0.000885265;0;0;0;0;0;0;0;0;0;0;0;0;0
0;0;0;0;0;0.000410553;0;0;0;0;0;0;0;0;0;0;0;0;0
0;0;0;0;0;0.000293228;0;0;0;0;0;0;0;0;0;0;0;0;0
0;0;0;0;0;0;0;0;0;0;0;0;0;0;0;0;0;0;0
0;0;0;0;0.000450067;0.000261866;1.02E-06;0;0;0;0;0;0;0;0;0;0;0;0
0;0;0;0;0;0;0;0;0;0;0;0;0;0;0;0;0;0;0
0;0;0;0;0;0;0;0;0;0;0;0;0;0;0;0;0;0;0
0;0;0;0;0;0;0;0;0;0;0;0;0;0;0;0;0;0;0
0;0;0;0;0;0;0;0;0;0;0;0;0;0;0;0;0;0;0
0;0;0;0;0;0;0;0;0;0;0;0;0;0;0;0;0;0;0
0;0;0;0;0.000578236;8.16E-05;1.02E-06;0;0;0;0;0;0;0;0;0;0;0;0
0;0;0;0;0;0;0;0;0;0;0;0;0;0;0;0;0;0;0
0;0;0;0;0;0;0;0;0;0;0;0;0;0;0;0;0;0;0
0;0;0;0;0;0;0;0;0;0;0;0;0;0;0;0;0;0;0
0;0;0;0;0;0;0;0;0;0;0;0;0;0;0;0;0;0;0
0;0;0;0;0;0;0;0;0;0;0;0;0;0;0;0;0;0;0
0;0;0;0;0.000253771;5.01E-05;3.05E-06;0;0;0;0;0;0;0;0;0;0;0;0
0;0;0;0;0;0;0;0;0;0;0;0;0;0;0;0;0;0;0
0;0;0;0;0;0;0;0;0;0;0;0;0;0;0;0;0;0;0
0;0;0;0;0.000128761;2.81E-05;1.42E-05;0;0;0;0;0;0;0;0;0;0;0;0
0;0;0;0;0;0;0;0;0;0;0;0;0;0;0;0;0;0;0
0;0;0;0;0;0;0;0;0;0;0;0;0;0;0;0;0;0;0
0;0;0;0;0;0;0;0;0;0;0;0;0;0;0;0;0;0;0
0;0;0;0;0;0;0;0;0;0;0;0;0;0;0;0;0;0;0
0;0;0;0;1.32E-05;3.97E-06;9.85E-05;0;0;0;0;0;0;0;0;0;0;0;0
0;0;0;0;0;0;0;0;0;0;0;0;0;0;0;0;0;0;0
0;0;0;0;0;0;0;0;0;0;0;0;0;0;0;0;0;0;0
0;0;0;0;0;0;0;0;0;0;0;0;0;0;0;0;0;0;0
0;0;0;0;0;0;0;0;0;0;0;0;0;0;0;0;0;0;0
0;0;0;0;0;0;0;0;0;0;0;0;0;0;0;0;0;0;0
0;0;0;0;0;0;0;0;0;0;0;0;0;0;0;0;0;0;0
0;0;0;0;8.59E-06;2.01E-06;0.000602461;0;0;0;0;0;0;0;0;0;0;0;0
0;0;0;0;0;0;0;0;0;0;0;0;0;0;0;0;0;0;0
0;0;0;0;0;0;0;0;0;0;0;0;0;0;0;0;0;0;0
0;0;0;0;1.07E-05;6.62E-06;0.00149752;0;0;0;0;0;0;0;0;0;0;0;0
0;0;0;0;0;0;0;0;0;0;0;0;0;0;0;0;0;0;0
0;0;0;0;0;0;0;0;0;0;0;0;0;0;0;0;0;0;0
0;0;0;0;0;0;0;0;0;0;0;0;0;0;0;0;0;0;0
0;0;0;0;0;0;0;0;0;0;0;0;0;0;0;0;0;0;0
0;0;0;0;9.80E-06;8.55E-06;0.00255411;0;0;0;0;0;0;0;0;0;0;0;0
0;0;0;0;0;0;0;0;0;0;0;0;0;0;0;0;0;0;0
0;0;0;0;0;0;0;0;0;0;0;0;0;0;0;0;0;0;0
0;0;0;0;0;0;0;0;0;0;0;0;0;0;0;0;0;0;0
0;0;0;0;0;0;0;0;0;0;0;0;0;0;0;0;0;0;0
0;0;0;0;0;0;0;0;0;0;0;0;0;0;0;0;0;0;0
0;0;0;0;0;0;0;0;0;0;0;0;0;0;0;0;0;0;0
0;0;0;0;1.56E-05;1.04E-05;0.00315657;0;0;0;0;0;0;0;0;0;0;0;0
0;0;0;0;0;0;0;0;0;0;0;0;0;0;0;0;0;0;0
0;0;0;0;0;0;0;0;0;0;0;0;0;0;0;0;0;0;0
0;0;0;0;0;0;0;0;0;0;0;0;0;0;0;0;0;0;0
0;0;0;0;0;0;0;0;0;0;0;0;0;0;0;0;0;0;0
0;0;0;0;0;0;0;0;0;0;0;0;0;0;0;0;0;0;0
0;0;0;0;0;0;0.00706915;0;0;0;0;0;0;0;0;0;0;0;0
0;0;0;0;0;0;0;0;0;0;0;0;0;0;0;0;0;0;0
0;0;0;0;7.54E-06;3.80E-05;0;0;0;0;0;0;0;0;0;0;0;0;0
0;0;0;0;0;0;0.012228;0;0;0;0;0;0;0;0;0;0;0;0
0;0;0;0;0;0;0;0;0;0;0;0;0;0;0;0;0;0;0
0;0;0;0;0;0;0;0;0;0;0;0;0;0;0;0;0;0;0
0;0;0;0;0;0;0.0228684;0;0;0;0;0;0;0;0;0;0;0;0
0;0;0;0;0;0;0.0475944;0;0;0;0;0;0;0;0;0;0;0;0
0;0;0;0;0;0;0.104812;0;0;0;0;0;0;0;0;0;0;0;0
0;0;0;0;0;0;0;0;0;0;0;0;0;0;0;0;0;0;0
0;0;0;0;0;0;0.227107;0;0;0;0;0;0;0;0;0;0;0;0
0;0;0;0;0;0;0;0;0;0;0;0;0;0;0;0;0;0;0
0;0;0;0;0;0;0.441891;0;0;0;0;0;0;0;0;0;0;0;0
0;0;0;0;0;0;0.693499;0;0;0;0;0;0;0;0;0;0;0;0
0;0;0;0;0;0;0.894021;0;0;0;0;0;0;0;0;0;0;0;0
0;0;0;0;0;0;0;0;0;0;0;0;0;0;0;0;0;0;0
0;0;0;0;2.75E-05;0.00152451;0;0;0;0;0;0;0;0;0;0;0;0;0
0;0;0;0;0;0;1;0;0;0;0;0;0;0;0;0;0;0;0
0;0;0;0;0;0;0;0;0;0;0;0;0;0;0;0;0;0;0
0;0;0;0;0;0;0.990484;0;0;0;0;0;0;0;0;0;0;0;0
0;0;0;0;0;0;0.954205;0;0;0;0;0;0;0;0;0;0;0;0
0;0;0;0;0;0;0.900188;0;0;0;0;0;0;0;0;0;0;0;0
0;0;0;0;0;0;0;0;0;0;0;0;0;0;0;0;0;0;0
0;0;0;0;0;0;0.822227;0;0;0;0;0;0;0;0;0;0;0;0
0;0;0;0;0;0;0;0;0;0;0;0;0;0;0;0;0;0;0
0;0;0;0;0;0;0.736447;0;0;0;0;0;0;0;0;0;0;0;0
0;0;0;0;0;0;0.652943;0;0;0;0;0;0;0;0;0;0;0;0
0;0;0;0;0;0;0.574136;0;0;0;0;0;0;0;0;0;0;0;0
0;0;0;0;1.23E-05;0.000319181;0;0;0;0;0;0;0;0;0;0;0;0;0
0;0;0;0;0;0;0.491559;0;0;0;0;0;0;0;0;0;0;0;0
0;0;0;0;0;0;0;0;0;0;0;0;0;0;0;0;0;0;0
0;0;0;0;0;0;0.387794;0;0;0;0;0;0;0;0;0;0;0;0
0;0;0;0;0;0;0.26265;0;0;0;0;0;0;0;0;0;0;0;0
0;0;0;0;0;0;0.153201;0;0;0;0;0;0;0;0;0;0;0;0
0;0;0;0;0;0;0.0783504;0;0;0;0;0;0;0;0;0;0;0;0
0;0;0;0;0;0;0;0;0;0;0;0;0;0;0;0;0;0;0
0;0;0;0;0;0;0.0360984;0;0;0;0;0;0;0;0;0;0;0;0
0;0;0;0;0;0;0.0173393;0;0;0;0;0;0;0;0;0;0;0;0
0;0;0;0;0;0;0.00934411;0;0;0;0;0;0;0;0;0;0;0;0
0;0;0;0;2.80E-05;5.53E-06;0;0;0;0;0;0;0;0;0;0;0;0;0
0;0;0;0;0;0;0.00513041;0;0;0;0;0;0;0;0;0;0;0;0
0;0;0;0;0;0;0;0;0;0;0;0;0;0;0;0;0;0;0
0;0;0;0;0;0;0.0024948;0;0;0;0;0;0;0;0;0;0;0;0
0;0;0;0;0;0;0.00120628;0;0;0;0;0;0;0;0;0;0;0;0
0;0;0;0;0;0;0.000531624;0;0;0;0;0;0;0;0;0;0;0;0
0;0;0;0;0;0;0.000172412;0;0;0;0;0;0;0;0;0;0;0;0
0;0;0;0;0;0;0;0;0;0;0;0;0;0;0;0;0;0;0
0;0;0;0;0;0;0;0;0;0;0;0;0;0;0;0;0;0;0
0;0;0;0;0;0;4.44E-05;0;0;0;0;0;0;0;0;0;0;0;0
0;0;0;0;1.49E-05;2.92E-06;0.000559791;0;0;0;0;0;0;0;0;0;0;0;0
0;0;0;0;0;0;0;0;0;0;0;0;0;0;0;0;0;0;0
0;0;0;0;0;0;0;0;0;0;0;0;0;0;0;0;0;0;0
0;0;0;0;0;0;0;0;0;0;0;0;0;0;0;0;0;0;0
0;0;0;0;0;0;0;0;0;0;0;0;0;0;0;0;0;0;0
0;0;0;0;0;0;0;0;0;0;0;0;0;0;0;0;0;0;0
0;0;0;0;0;0;0;0;0;0;0;0;0;0;0;0;0;0;0
0;0;0;0;6.13E-06;4.00E-06;0.000110739;0;0;0;0;0;0;0;0;0;0;0;0
0;0;0;0;0;0;0;0;0;0;0;0;0;0;0;0;0;0;0
0;0;0;0;0;0;0;0;0;0;0;0;0;0;0;0;0;0;0
0;0;0;0;0;0;0;0;0;0;0;0;0;0;0;0;0;0;0
0;0;0;0;0;0;0;0;0;0;0;0;0;0;0;0;0;0;0
0;0;0;0;0;0;0;0;0;0;0;0;0;0;0;0;0;0;0
0;0;0;0;0;0;0;0;0;0;0;0;0;0;0;0;0;0;0
0;0;0;0;1.16E-05;6.65E-06;4.27E-05;0;0;0;0;0;0;0;0;0;0;0;0
0;0;0;0;0;0;0;0;0;0;0;0;0;0;0;0;0;0;0
0;0;0;0;0;0;0;0;0;0;0;0;0;0;0;0;0;0;0
0;0;0;0;0;0;0;0;0;0;0;0;0;0;0;0;0;0;0
0;0;0;0;0;0;0;0;0;0;0;0;0;0;0;0;0;0;0
0;0;0;0;0;0;0;0;0;0;0;0;0;0;0;0;0;0;0
0;0;0;0;0;0;0;0;0;0;0;0;0;0;0;0;0;0;0
0;0;0;0;0;0;0;0;0;0;0;0;0;0;0;0;0;0;0
0;0;0;0;4.55E-05;1.77E-05;6.91E-05;0;0;0;0;0;0;0;0;0;0;0;0
0;0;0;0;0;0;0;0;0;0;0;0;0;0;0;0;0;0;0
0;0;0;0;0;0;0;0;0;0;0;0;0;0;0;0;0;0;0
0;0;0;0;0.000118018;2.23E-05;5.18E-05;0;0;0;0;0;0;0;0;0;0;0;0
0;0;0;0;0;0;0;0;0;0;0;0;0;0;0;0;0;0;0
0;0;0;0;0;0;0;0;0;0;0;0;0;0;0;0;0;0;0
0;0;0;0;0.000364717;8.65E-05;4.98E-05;0;0;0;0;0;0;0;0;0;0;0;0
0;0;0;0;0;0;0;0;0;0;0;0;0;0;0;0;0;0;0
0;0;0;0;0;0;0;0;0;0;0;0;0;0;0;0;0;0;0
0;0;0;0;0;0;0;0;0;0;0;0;0;0;0;0;0;0;0
0;0;0;0;0.000180528;2.16E-05;3.76E-05;0;0;0;0;0;0;0;0;0;0;0;0
0;0;0;0;0;0;0;0;0;0;0;0;0;0;0;0;0;0;0
0;0;0;0;0;0;0;0;0;0;0;0;0;0;0;0;0;0;0
0;0;0;0;0;0;0;0;0;0;0;0;0;0;0;0;0;0;0
